message_id,text,timestamp,time_in_seconds,author_name,author_id
1c2a34c9-989f-4b5a-ba15-d82a12dd9272,hello becbec,1746144002287000,15,theefranchise,29200329
6108840b-2892-4b04-9a95-e3b93f0f3a5a,oopsie its all gone,1746144008083000,21,theefranchise,29200329
8ce342c9-3a7c-4d93-9a15-87fab10a7ac6,morning,1746144010627000,23,foreverjulia,149873651
6f0f0e12-18b3-49f6-b379-dda6f6587315,foreverJulia watched 20 consecutive streams this month and sparked a watch streak! oh,1746144023069000,36,foreverjulia,149873651
05977b76-4486-491a-9343-29272504ba86,Live Pog,1746144040629000,53,literallydark,55674132
7c864151-aa39-4693-9822-b35fc12777c9,ran down HOLY,1746144048185000,61,literallydark,55674132
cba13cc8-cb5c-4936-86b4-7996c356b7c4,becChamp,1746144050291000,63,icecoldblaze91,161349540
27f58107-8b68-4530-b4a5-295bf4a19b09,literally Chatting,1746144059139000,72,literallydark,55674132
591cc983-448b-4dbf-b062-76581f20ec10,oopsie <- becca after running it down,1746144059949000,73,theheroisgone,49032691
9ec4a55e-d005-4e0e-a006-ef7295403fc5,meowdy becca and chat,1746144068558000,81,lambington_,604736387
76d195c6-df6d-439c-a1b2-861a8999bed5,hello lamb,1746144074929000,88,theheroisgone,49032691
8b895222-a4ac-4057-b3c8-7368888289a8,how r u today,1746144089023000,102,theheroisgone,49032691
c842b77d-6f3a-47b9-ab85-3cc90e0d392c,alowo hero,1746144095038000,108,lambington_,604736387
193d5fb1-6065-4119-9bcc-05e9949fad04,:) <3,1746144095993000,109,c0wmilk3r,1215497785
0f3f7c99-2a20-43a1-bfe2-03b67bbbb35d,"i hit aphelios 3, leona 3 and xayah 3 yesterday Ok",1746144100285000,113,theefranchise,29200329
305d5f9a-2647-470a-a58c-1a2fe5bf2a51,of course,1746144112814000,126,theefranchise,29200329
ed2302fe-f373-40de-bc44-3008b17662d0,Join our discord server for offline chats with the community!  https://discord.gg/mdEPnNMHrb,1746144121857000,135,nightbot,19264788
3dc8dd10-eba3-4c6c-b5df-3bc25b838b23,golden fleece 2-1 and then golden ox spat on 2-3,1746144128129000,141,theefranchise,29200329
e285e7ee-823d-4206-8fe4-452a613e750f,inflation of resources this set go crazy,1746144150582000,163,theheroisgone,49032691
2a64a94f-cc11-4705-a8d9-4282e310bae0,Bussin,1746144179284000,192,theefranchise,29200329
d4900235-1730-47f8-a5aa-1638596674b9,fiddle Ok,1746144245653000,258,theefranchise,29200329
36831805-4fac-450b-8e9e-931a7ff4acca,Hi becca good morning,1746144256646000,269,quitowsky,195684982
922821b9-74ce-43b6-8fc7-dc0316491c47,hi quit,1746144287626000,300,theheroisgone,49032691
cf2ff2c6-4844-4332-b089-f9e836488f05,morning Becca,1746144321801000,335,richardmmorales,13528327
71aa6b60-2efb-40a3-9ce1-c04974564c0f,Hello,1746144324408000,337,quitowsky,195684982
3cda65ec-cbb3-425d-9221-4e69e60eadaf,"thats the fun thing, there isnt one",1746144326456000,339,theefranchise,29200329
74548565-53cd-45b7-a9be-204fdd042f44,oh my,1746144331150000,344,theheroisgone,49032691
7de1b80e-559f-4cce-ae49-75759491d3d6,for sure looks like an oopsie occurred,1746144342531000,355,nutreo,27050161
3e7a5e7c-27f1-40a6-80e6-f39903db48d2,oh oh kuboko carry game,1746144348238000,361,theheroisgone,49032691
38379c33-24b9-475a-ae29-10518573c031,concepts of a plan,1746144350132000,363,theefranchise,29200329
58e2df48-2e77-4429-8810-8ca7b1ccf0ea,what lp at,1746144364404000,377,thelittlemooser,81118507
6235aafa-c71e-4734-9ced-da529defbd99,oh no,1746144370039000,383,thelittlemooser,81118507
ca79ecb1-2f83-4317-bd5c-ff0bbdde67c9,6 bruiser cyberboss,1746144372723000,386,theheroisgone,49032691
ee5ea5b6-f22b-4ea4-a48b-beba580034f2,POGCRAZY,1746144389844000,403,theefranchise,29200329
362abd9a-c1e7-497d-a5d3-14d599125ce1,internally?,1746144393837000,407,theheroisgone,49032691
899d10a0-b86d-43a1-9722-084c1c9f0a19,I just won a game with nafiri no scout no pivot,1746144400407000,413,thelittlemooser,81118507
7d45a2c3-a8dd-4331-a0ea-ab4c816096ec,not sure if it was good or if everyone else was bad,1746144408766000,422,thelittlemooser,81118507
afb812f1-926d-4cce-99f1-654181654997,naafiri is good,1746144413876000,427,theefranchise,29200329
9b7d0239-e758-4602-973c-d0ca9313ab59,amp is good,1746144420556000,433,theefranchise,29200329
8763d745-bc94-425e-964d-edea041cf606,Hello Becca,1746144425040000,438,trexashearts,1232617432
1e3e069a-c009-4145-b7cb-7a49b798df4c,Hope ur well,1746144430538000,443,trexashearts,1232617432
9e0a5d1e-c8cf-45b4-86e8-6a024306f846,you are bad and were still able to win with it,1746144435465000,448,theefranchise,29200329
6ca7265a-19e0-480b-bb75-a3bc20bf6b85,smoge,1746144443970000,457,thelittlemooser,81118507
1ae87ea1-3eed-4e49-8e09-2c6e1f7a67b6,GOTTEM,1746144450511000,463,theefranchise,29200329
e41755eb-c1e4-437e-be56-cefa8836d2eb,im ur teammmate u gotta build me up,1746144455311000,468,thelittlemooser,81118507
052edae8-aeed-44b2-a77b-72da1ca43e11,naafiri good but you gotta bark for her to more dmg,1746144459098000,472,theheroisgone,49032691
16724e83-8dd7-45fe-8a4d-1b284a8c2f73,Zebra_Manthong watched 3 consecutive streams this month and sparked a watch streak! Only top 3s today,1746144503138000,516,zebra_manthong,116562268
6e9ee39f-76d3-4f4c-8d32-b2fd56d200f0,do not,1746144518026000,531,theheroisgone,49032691
54bf8013-0b2a-4b4b-af8a-080588e38ccc,lol,1746144531873000,545,foreverjulia,149873651
f4bbd4ce-b3e4-48bc-a0f9-056d8825e400,bruh,1746144531982000,545,theheroisgone,49032691
8946b872-5f57-489a-8fa0-b2aa24b70b52,so here we are,1746144532862000,546,theefranchise,29200329
e38c47af-3225-43c7-821b-0561fae8b61f,oh no,1746144534145000,547,rgtornado,49228807
347cfe6e-38f8-4aee-887f-76b6069c95ee,this was clearly the plan,1746144536436000,549,theefranchise,29200329
b80b0507-6a34-4117-8ef6-5bb9400251c2,immovable,1746144536924000,550,theheroisgone,49032691
13f18389-84ff-4e22-a650-7c1cfd003dd8,was right there,1746144540159000,553,theheroisgone,49032691
5f1135a3-bbff-431f-887c-a86014aec991,boombot boombot,1746144550438000,563,actuallyapotato013,44365564
7112b5e4-b8e0-443f-b354-827fbf0bf8c6,if you guys didnt know she was planning for boombot spat 3-2 SMH,1746144560669000,573,theefranchise,29200329
b1d56b71-6d3b-44d2-b18c-7cf4a211397d,i called in sick while i was having diarrhea and i think my manager heard YIPPIE,1746144562957000,576,vintagekimchi,84831382
d45579ad-e97f-40b3-b0e1-f5a73e83ee67,notee more booms,1746144583431000,596,literallydark,55674132
72dda723-2229-4997-af9a-3392bff0938c,Supp Supp! Everyone!,1746144600187000,613,animoto,113680931
737aa008-1615-4270-a1e2-0e3bccb30ba6,couldnt wait till after?,1746144601460000,614,dkeldy,52136208
31fda500-639b-44ab-b917-9821c2b52ad2,i get to play boombot all day YIPPIE,1746144604602000,617,vintagekimchi,84831382
cf5dc5ed-3b7d-4ca4-93ac-9f5daa889d57,lmao I’m sick boss. shits pants,1746144608789000,622,thelittlemooser,81118507
1f2142bd-0a43-44f6-9b94-446d22888c63,becLove becLove becLove,1746144610085000,623,animoto,113680931
ab7dbc87-2d03-4236-a965-948dd1aaa4ab,hero have you played this patch? having a rough time already haha,1746144614152000,627,lambington_,604736387
491a106c-2561-4560-b52c-e54f879689be,well after could be like 3h later if its really bad,1746144620316000,633,theheroisgone,49032691
26443e4f-5f8a-4669-b260-c26b2f2aa199,its the best power move to call in sick and then the moment your manager starts to say anything in response you just shit super loudly,1746144624062000,637,actuallyapotato013,44365564
92026e36-5f5a-4c5d-9050-6a20cb2ea7a1,maybe kimchi is still on,1746144627301000,640,theheroisgone,49032691
0db02a81-4577-48f7-9d80-2c6fc1f1e8ad,yeah i did lamb but honestly ive playing all kinds of stuff,1746144662602000,675,theheroisgone,49032691
c5543668-c403-4a5a-a789-8d71d4086da8,i have no thoughts,1746144671132000,684,theheroisgone,49032691
fa3552ef-15f8-4c85-801c-734ae7f564ee,I missed a boombot vex gamba :(,1746144679358000,692,killatoasty25,405539604
9548ddc8-f35c-46fe-acda-8333616ea3c7,van mark felt good Ok,1746144679595000,692,theheroisgone,49032691
8cc7ab55-e4c0-462b-971d-f91053248359,oh no i couldnt wait till after,1746144703818000,717,vintagekimchi,84831382
c6d5badd-19db-407b-b338-ac76d79bbe61,all good!,1746144705785000,719,lambington_,604736387
483a5382-d127-458b-992e-5f9e7b86ad85,i was on the toilet for a while,1746144709379000,722,vintagekimchi,84831382
051b26ba-16cf-4791-af6d-a1457e21135f,"garen should be in the plan, i didnt really hear who you said",1746144732394000,745,theefranchise,29200329
4eba4937-ab85-4d3a-8d77-de415d43a030,H-hewoo owo,1746144754596000,767,beper0v,160946967
7076a61d-686d-46c1-ba5d-58e4f40679ef,urgot is good now,1746144755849000,769,theefranchise,29200329
c91a0d01-c5fb-4243-8812-c4ded40e18aa,Are you gm yet?,1746144756844000,770,pablo_baass,891924467
0c68490f-25a6-4fb9-8e91-dc2aa3cd27d7,owo,1746144761487000,774,vintagekimchi,84831382
17badbb5-7516-4cdc-9be1-044bd78af838,PepeLaugh,1746144765835000,779,theefranchise,29200329
60341e59-22bf-44e7-b859-9637607f1951,going long gives you win/loss streak gold right?,1746144777392000,790,pregnantvirgin,37706248
4f7c8755-50a8-41cf-967e-864774828948,bep said hello in an asian accent that's crazy,1746144779688000,792,vintagekimchi,84831382
25c892b1-cbbd-4a19-a950-ce9bfe2c5573,Season 7 I played 1k games to get chall monkas,1746144780545000,793,pablo_baass,891924467
51b26ebb-d285-4d5f-b048-0c969c0f7374,Susge,1746144781551000,794,literallydark,55674132
f7acb4d5-f3dc-41f8-87a6-1eef8335b29a,It was my best attempt,1746144793391000,806,beper0v,160946967
d599819c-14b7-4595-b260-a972fc323816,oopsie,1746144799332000,812,theefranchise,29200329
da92291c-e575-47d9-9577-425a46104bfa,i ll give u the pass bep,1746144803739000,817,vintagekimchi,84831382
ea1c7bfb-d3c5-4f33-beb7-ecccae37c974,Daisy,1746144806500000,819,pablo_baass,891924467
aa0e5aeb-deb1-45a4-a27f-7a73da38baba,Thanks I feel honored,1746144817365000,830,beper0v,160946967
92321f4a-4bd7-427d-a220-5ead628b40b7,"she hit gm, then gm hit her back",1746144818365000,831,baycon_,30227236
43ecb4a6-ed99-4aa7-8d3f-fe53196a1a26,wasn’t there the one set where you demoted from gm to masters more than anyone by an insane margin,1746144822188000,835,thelittlemooser,81118507
0e2b1400-2071-4ffa-bc7b-1e78f86632c4,Yeah,1746144828251000,841,beper0v,160946967
841cb56e-ffdb-4ad5-813b-449b11d42045,but you also got promoted the most too. taps forehead,1746144831433000,844,thelittlemooser,81118507
84ab4ef9-a4b8-4ecf-99fc-d7a562ff3fe6,I think it was 7?,1746144833511000,846,beper0v,160946967
7604cc82-84f4-4d46-b170-814fd1951b56,TFT needs so much mental focus is insane,1746144834694000,847,pablo_baass,891924467
0e5a9343-35f5-469e-819a-b14fc9ce9c3f,yea that was around the warweek set,1746144847681000,860,vintagekimchi,84831382
08a763ce-ba41-434f-aa7f-c85852c5d5bb,warweek was set 4,1746144863561000,876,beper0v,160946967
066cc2d1-96ab-4382-8f52-29615a95a2e3,Copium,1746144864364000,877,thelittlemooser,81118507
99339cb9-102d-45ad-95e0-59559b21ce91,wait really,1746144874822000,888,vintagekimchi,84831382
44936fa6-fb18-43fa-aa0d-a9a729d93a62,Imagine someone playing 1 game per week of course he wants to win but sometimes he doesn't cause rng,1746144882665000,895,pablo_baass,891924467
51f489eb-2721-47ed-9c02-6c43003ff20c,haha I know,1746144884042000,897,thelittlemooser,81118507
ea7df3ab-77eb-48c4-af6a-2a5edde729b9,holy Oldge,1746144895862000,909,vintagekimchi,84831382
fb97f684-5a9d-4112-920e-5146782edc8b,I think like set 5-8 you were challenger with regularity,1746144898863000,912,thelittlemooser,81118507
04a6fded-2d09-4b8f-b65a-03850367d725,how old is tft...it feels like i started play like 2 years ago,1746144915657000,928,vintagekimchi,84831382
ad8d1765-9375-4ad2-bd53-ac37e51c6183,TFT is older than this chat copium,1746144927314000,940,pablo_baass,891924467
335fdea3-4b63-40f7-be9f-0dba74285b93,its 6 years old,1746144927728000,941,beper0v,160946967
0ae7f6e8-2482-4b31-9b4c-cae812002d47,in june,1746144931197000,944,beper0v,160946967
1aadcb6b-af46-41e5-acf0-108abd569c4d,oh fuck Oldge,1746144937654000,950,vintagekimchi,84831382
7d17d51a-f04b-4580-9d35-ffa8a5c977d2,just take what we knew you were gonna take,1746144956139000,969,thelittlemooser,81118507
d5bcd9ae-9920-4c39-92b7-225a3a8a8a76,boooooooooo,1746144959706000,973,thelittlemooser,81118507
fe79ff13-0753-4086-9f77-699e6515a83a,Bedge,1746144961538000,974,theefranchise,29200329
29bab061-6420-4285-b696-29f056caeac5,I remember good times open fort for Tristana,1746144963043000,976,pablo_baass,891924467
2979fe1d-c0f0-4610-bd36-6143bf6c19e0,#notmystreamer,1746144965970000,979,thelittlemooser,81118507
28ab99cb-9331-4d09-b83f-228bc0b94842,i used to do open fort katarina,1746144977770000,991,beper0v,160946967
03e9c86d-2898-46ca-8526-15c0dadd8bf1,in set 6,1746144982818000,996,beper0v,160946967
9901b551-f3b8-4dd0-ac9a-3dce27c236a5,good times,1746144985830000,999,beper0v,160946967
9f0c43d7-54f2-4e48-b480-5b9f84dca970,Salut to the better times 😉,1746145009871000,1023,pablo_baass,891924467
cdfa541f-39be-42bc-ba6e-b98678fc69bc, Watch the latest youtube upload here! dinkDonk  → SILVER SOLO QUEUE FIESTA - https://youtu.be/csEb2DsUJCU,1746145024593000,1037,nightbot,19264788
6c5d8242-7373-4105-a60d-df759ff76f7c,1 pump to prelevel?,1746145042549000,1055,theefranchise,29200329
3c4a99ca-222a-4c13-a2cb-ca1e87d0d730,TPogO,1746145140612000,1153,theefranchise,29200329
ad808b95-a8cb-4cf1-96b7-709027df6967,PogO,1746145143574000,1156,theheroisgone,49032691
03d1964d-0e35-415f-a0ee-c81d5ae200a5,1 roll and gets it PogO,1746145147844000,1161,pregnantvirgin,37706248
d0c21de2-4547-4457-b39a-0ee5e2f3cc74,hi girl,1746145163459000,1176,danielcvieiraa,179835475
179b3eba-c0cf-41c0-8fd8-6e9f56be0757,give urgot the speed thing YEP,1746145166414000,1179,theefranchise,29200329
f6cb999f-5507-468d-a634-f68092855714,Master is pretty good season just started,1746145168534000,1181,pablo_baass,891924467
6b5fb1c9-ad78-4677-a897-7c69dbd7f584,thats the icon when you hit snowball i think,1746145190972000,1204,theefranchise,29200329
455baaa3-703d-4c7f-9a79-7f3923409268,ghost,1746145193065000,1206,theheroisgone,49032691
ffbbfe13-6ed9-40ea-9a36-7b6c3bc840b9,it is the snowball form aram,1746145195643000,1208,quitowsky,195684982
6b8a89c9-0ce0-4b23-a946-f4d4e7781b4a,ye,1746145196358000,1209,quitowsky,195684982
3168e85e-1eb1-4fb5-a3ac-10cb6d1c2367,it's snowball from aram,1746145197993000,1211,izohaz,31641573
94a35e22-1c9c-4e95-a515-b1e67232773e,i wish chogath was a real boy,1746145226566000,1239,theheroisgone,49032691
5ab7c0c2-d9b8-4894-af16-0c7fc786d8ab,gold,1746145260813000,1274,theefranchise,29200329
a0df81b8-373b-4287-832e-6bf96345d83b,fuck it,1746145262075000,1275,theefranchise,29200329
7d928631-81af-474c-b0ad-45ca780f330a,missed gold,1746145268471000,1281,thelittlemooser,81118507
b7901a32-18e2-4381-831c-b04b8e1b0114,bedge,1746145273117000,1286,thelittlemooser,81118507
c12f7c3d-e793-4e90-8b5b-28bfd832c924,Listening,1746145274620000,1287,literallydark,55674132
decb4544-b891-4848-bd41-176c0241957a,Tank better ? More front,1746145283796000,1297,mina6,474537355
e8df935b-cb52-4b35-bbf6-78b944d9c941,it’s so ass,1746145288330000,1301,thelittlemooser,81118507
c378de45-1410-4f30-9435-68fc75f8b8a8,it's so hard to use,1746145291420000,1304,foreverjulia,149873651
ef9d455a-308b-4354-9eea-e2b1acf4df86,it doesnt even generate gold,1746145296902000,1310,theheroisgone,49032691
5d57958e-08d6-4df1-8efe-89489b003486,"the items are like, both frontline and backline, but it just dies",1746145308880000,1322,foreverjulia,149873651
e7d4caea-30e5-4db1-ace8-6713d310ff69,6 boombot wow first time I see 🙈,1746145322876000,1336,pablo_baass,891924467
53b0d459-22b9-476e-85cc-b6b1117ff9e2,This music sounds like it's from Civ,1746145332005000,1345,taburks,150943829
cad1ebf2-2566-4aa6-bcea-ee5302599da0,LOL,1746145351025000,1364,theefranchise,29200329
aac6a856-1369-4c37-ba47-09eee63ab28f,Neko him,1746145400977000,1414,mina6,474537355
9f081cbc-7405-4ea5-9b76-0f0a6e306a90,yes,1746145463689000,1476,theheroisgone,49032691
380ba38e-0655-43d2-b542-fc6f9c252ccd,good idea save the neeko for next game,1746145481967000,1495,thelittlemooser,81118507
a6fb6c6e-150b-4998-8e4b-beb8449cd4db,Okayge,1746145490041000,1503,pablo_baass,891924467
e14e400c-ed36-4452-81c1-b18e523c24c4,LOL 󠀀,1746145516050000,1529,theefranchise,29200329
c4521838-6cf1-4230-aef2-ac5d36d38115,HOLY,1746145519321000,1532,literallydark,55674132
15b4b511-8a86-4d97-a192-f25e468a4d9c, Becca's best moments >>> https://www.youtube.com/@BeccaTilts/shorts,1746145519331000,1532,nightbot,19264788
47425109-2af2-47bc-825b-a5897d077f4d,time for 7 boombot,1746145528832000,1542,theheroisgone,49032691
5cf5411d-09f3-4755-976c-eff1dd542653,8 boom,1746145529374000,1542,thelittlemooser,81118507
e069e572-3cb3-4306-bf0d-d980bcf75c5b,imagine having the audacity to ping that,1746145532529000,1545,ekstasylol,112233300
dbb7bb47-c8c8-433f-b384-547530c5ee1c,ew,1746145546712000,1560,theefranchise,29200329
48fd090f-7493-445c-9544-784d3ec9fb43,lol,1746145552570000,1565,quitowsky,195684982
cd29a27b-db38-41d0-b4b0-8e1de2ea5fe8,TPogO,1746145571851000,1585,djihcoro,26376425
00bbe369-0765-4672-877e-913c4fef2f3b,did they buff the backline golem this patch?,1746145590621000,1603,zela50,46658017
9ab94be2-06b1-4c2c-8e1a-83ec43e6cd57,dr of the year comp WOACH,1746145591110000,1604,quitowsky,195684982
3d182dd9-585c-4234-ae67-feaba21845d9,holy,1746145599668000,1612,a_dumb_twink,41496130
8b75dc4a-3d21-43b8-9a83-f09e86097093,urgot pumpin,1746145604193000,1617,theefranchise,29200329
3ed03c54-4d11-4747-8147-568aac795af3,um,1746145604735000,1618,quitowsky,195684982
b2a46e44-148c-4e5e-966e-c78a02fed18b,feel the boom,1746145605372000,1618,foreverjulia,149873651
4df6e54a-b33b-4be1-a924-fa05b67b8217,I'[M BOOMIN Cumge,1746145610452000,1623,h0j022,22888790
12dcbfc0-b0f2-44d6-b7d0-b4d31aa6482d,im sure they felt the boom,1746145613140000,1626,theheroisgone,49032691
47e82830-d43b-45e0-90c1-5edda7457a36,if 6 boom urgot 2 doesn’t farm,1746145616732000,1630,thelittlemooser,81118507
63df8377-c269-4189-9a7a-533ee872bb08,when the fuck does he,1746145619832000,1633,thelittlemooser,81118507
2e9798f6-e288-4596-874f-975f176577c6,"ur mom (Nighbot just owned thelittlemooser, the bot has owned 5793 chatters so far)",1746145619962000,1633,nightbot,19264788
561d5be9-1b4f-4d9e-bd77-07db5b9c18cf,lol,1746145624438000,1637,quitowsky,195684982
29d39f71-8475-4e98-ad25-6ef0c62aa1c2,gotem,1746145629273000,1642,a_dumb_twink,41496130
828987d3-418b-4d8f-a62b-d3d37ae3fa46,KEKW,1746145653085000,1666,theefranchise,29200329
f39a25f1-9b7b-43b4-aea3-807ada473526,i was wondering,1746145654692000,1667,theefranchise,29200329
4e8e4745-fa47-4963-a9bf-ee5a51846449,LOL,1746145655688000,1668,theheroisgone,49032691
ea9aa9db-b83e-42b0-8854-a6a908e97f8b,the forest near my apartment has been on fire for the last 28 hours,1746145656011000,1669,izohaz,31641573
fe5f2e98-da63-4834-9304-54a827f5985d,Hi becca <3 TehePelo,1746145675694000,1688,tecno22,98225591
e477c83c-d44a-4341-af93-7e944ee10f9c,would you leave?,1746145698238000,1711,theefranchise,29200329
aef8f86c-2bb0-41b2-bfbe-06c2f77c2af4,greetings,1746145708371000,1721,hathapips,930223289
c098ab2f-83e2-43cb-864e-a172afc856b7,The hazard warning app said that there was no danger for residents,1746145718135000,1731,izohaz,31641573
0ed35416-4107-4dfd-852b-5ff8b3491ed1,ouch,1746145760831000,1774,theefranchise,29200329
2fb2e952-75b5-4846-b9cc-533b5c0ef3cc,huh,1746145761359000,1774,literallydark,55674132
016473f5-c236-47f1-8102-7d35e6f9e7fa,Do any of you sacrifice for crocodile?idk is it worth,1746145764136000,1777,pablo_baass,891924467
49a61d52-236d-46b4-8bbc-db95854370ad,Smoge,1746145772956000,1786,theefranchise,29200329
1bf38ade-c861-431d-af7f-51e958178d53,hey pretty good for boombot normally i see them go eif,1746145785713000,1799,theheroisgone,49032691
bb56d1fa-cc3e-468d-a93b-f5f22642e117,"@pablo_baass always sacrifice senna if you have her, she has super high AD and heals the health back easily",1746145788530000,1801,izohaz,31641573
92b677fa-8ec8-42c6-b0c9-a9484525a1cc,6 boombot avg is pretty good,1746145802496000,1815,theefranchise,29200329
d5cfb774-8beb-4f0c-90c1-ccdddf6df329,you brought it down,1746145804899000,1818,theefranchise,29200329
7d713b49-f6ad-4015-aaeb-143b93910d68,Join our discord server for offline chats with the community!  https://discord.gg/mdEPnNMHrb,1746145815583000,1828,nightbot,19264788
75e2f9b7-e40a-46c3-ad59-d140003dbd22,pretty sure those games are just super highroll fiddle games,1746145838035000,1851,theheroisgone,49032691
1d94a000-30e8-423e-b0f3-ed5a9598729d,becJAM,1746145852645000,1865,hathapips,930223289
f4096d00-ddca-46d5-947b-27bb3041cd09,@izohaz thx I will do just that when it happens,1746145861061000,1874,pablo_baass,891924467
6a46d1d9-47b9-4375-8aeb-f21db1c5f9e1,hero and moose,1746145904579000,1917,quitowsky,195684982
204edb83-9890-4b4a-a21b-b8f990f15449,sus,1746145905544000,1918,quitowsky,195684982
ff62cc44-d916-4171-a543-9c7fb26be06e,sus,1746145908731000,1922,theheroisgone,49032691
25eaf91f-f7bf-4815-a603-c3a5d27b0ce3,peepoAwesome,1746145959459000,1972,theefranchise,29200329
f1e03ff8-9db4-4b7a-82ff-6aa6ab0518df,Ok,1746145967504000,1980,djihcoro,26376425
190deb1d-207c-4710-a283-7801acce6783,thats fun,1746145971289000,1984,theefranchise,29200329
1b4531c9-adc9-4c15-beb1-78f19b9cdd02,ew tf,1746145986430000,1999,lukephan,45759576
c1d8b097-3076-4b79-b4ef-c639b176a6c7,🙂,1746145997073000,2010,pablo_baass,891924467
c597dc00-fcdb-4392-aee8-2a61dfc5895a,I'm not busy this weekend for anyone wondering,1746146025063000,2038,pablo_baass,891924467
faa18f5e-aaec-43d0-9248-4a88595eec64,i actually played valo with hafu and sally on tuesday peepoAwesome so fun,1746146038094000,2051,theefranchise,29200329
1c2c027a-83f4-4e67-98da-280e4720fa8a,play tf,1746146048054000,2061,quitowsky,195684982
7975a6e9-7cae-4c16-a1b9-72bf7104a941,hehe,1746146049747000,2063,quitowsky,195684982
be71134a-3a25-4654-bc34-feda59329ba4,sirahcap subscribed with Prime. They've subscribed for 31 months! ,1746146051292000,2064,sirahcap,54017821
99076460-263c-4e43-95fe-9f8a2103a1dd,ICANT,1746146051817000,2065,djihcoro,26376425
cd062ab8-69c8-4e98-badb-777d54b1b7b1,LOL,1746146052215000,2065,theefranchise,29200329
aeebeb78-2f21-4884-b853-aef23dc9f3db,dcap or aa is the best 3rd item for tf,1746146074767000,2088,quitowsky,195684982
3362486b-0f02-4ef0-8f6c-dc249933d70d,or zhonyas,1746146078625000,2091,quitowsky,195684982
58b35a1f-4a72-4783-8ac2-ffb7c2d9b9e7,omg i thought the title was exaggerating what happened,1746146118757000,2132,apharoe,99393908
c0559dcf-90ab-490d-ba9c-9e3b14e0fccc,well stats dont lie Nerdge,1746146119537000,2132,theefranchise,29200329
df95f1f4-9c68-48ef-b276-39d864ba2752,have you ever had tacobell diablo sauce?,1746146160765000,2174,quitowsky,195684982
a26b2513-b9d7-4993-918a-6993a670ad72,ohhh,1746146173305000,2186,quitowsky,195684982
d0368f8d-2b31-45a5-8bad-1cc4d37306b2,EVERYTHING'S GNARLY kyedaeDance kyedaeDance,1746146177894000,2191,chaychocolates,256681767
92267b13-1cbb-4770-81ab-1ee1455e180b,mild sauce for me whitepeopleHappy,1746146183005000,2196,theefranchise,29200329
cac7f17f-7f60-420b-b434-0502e2be97e6,tyelu subscribed with Prime. They've subscribed for 2 months! becJAM,1746146189648000,2202,tyelu,216152393
682bafda-c39a-4b36-98b7-8f269af204e4,i havent,1746146199243000,2212,theefranchise,29200329
e5a15e74-d74e-4550-b3ab-f7d52c2b59fb,"i dont really go to taco bell, i bought some of the mild sauce for tacos at home",1746146220872000,2234,theefranchise,29200329
1736a27f-5ecd-4c6f-a618-87cdcf498e24,Are we Setsuko? Listening to classical music haha,1746146237466000,2250,chaychocolates,256681767
fb580a36-4267-41b7-939b-080ec9bcd195,2 item plate,1746146261269000,2274,djihcoro,26376425
ff2cf39b-8a51-4587-9cc0-586fdd0d31c6,panda gets so crowded the day of those lol,1746146273344000,2286,crunkthat,38412697
506579b2-e637-462d-b1d4-365827cbe8df,like 11?,1746146288502000,2301,djihcoro,26376425
5be8e583-92f2-480f-ae86-7c6c4b7b9e8e,its like 11 or 12 ithink,1746146289888000,2303,crunkthat,38412697
38e47a05-fe8f-43dc-8953-5a9c28718b71,boomba game,1746146328073000,2341,lukephan,45759576
10ab31ff-f93b-44df-93bd-2608359f4850,you sounded like the kid who is like “have you ever ever done so much that you can do anything?”,1746146333993000,2347,thelittlemooser,81118507
a9492fd9-960f-4e8c-a7d7-25fd3331f4b0,"zyra, sera, mundo, ali",1746146347090000,2360,theefranchise,29200329
f5202a0a-152c-429c-8a21-a520b807c2c6,when you couldn’t name the two plate thing haha,1746146364712000,2378,thelittlemooser,81118507
3a26fe89-1825-4586-b99d-5ddf4607af87,"ur mom (Nighbot just owned thelittlemooser, the bot has owned 5794 chatters so far)",1746146364869000,2378,nightbot,19264788
77514c03-8368-4bdd-90a2-740d6ba044a5,Wow Dillon Brooks is an asshole. He admitted to targeting Steph curry's injured thumb to get him off his game,1746146374143000,2387,josechensor,1115828586
884493be-9688-41e5-95ee-8008a695ef58,"i think you sound sleepy, maybe its the classical music",1746146378807000,2392,actuallyapotato013,44365564
08af2af2-5a99-4055-bc3d-b527f34d128b,"idk what it's called, but your old board... the purple one please (you dont have to if you dont wanna)",1746146393152000,2406,chaychocolates,256681767
b780715d-bb9e-436d-9e6e-426cfb3eae26,I was just looking at what I could spend boints on rn lol,1746146405247000,2418,chaychocolates,256681767
502974c3-8f5e-4c08-9006-551c0e5badd9,It's mean but I get it lol,1746146414853000,2428,ryance,163826957
ee31e989-08fe-4e72-bb54-05fad66e42d8,Difference between weakside and hitting it on purpose,1746146422490000,2435,josechensor,1115828586
f5959044-5a5e-4544-97c6-8a2751d536a0,ty,1746146429747000,2443,chaychocolates,256681767
3df224c3-b7a9-47ff-87df-6984cf3972f4,this mythic one is pretty nice,1746146448566000,2461,lukephan,45759576
d42d257f-77f4-4280-b539-721f7337ac56,"I think it's vastly different in a teamsport, if it was an individual sport then hell nah :P",1746146458098000,2471,qelvue,29197038
5bb530e6-d6eb-4b18-9a3f-178c29223f9c,I like the lvl7 change,1746146462302000,2475,lukephan,45759576
08edd06b-6e24-48a8-8dcf-d9a6394c2b4b,they all have that dog in them,1746146465797000,2479,ashayuni18,41688273
77fa3ee2-a834-4f79-a165-8fec7bfafdfc,@LukePhan Me too!,1746146481418000,2494,chaychocolates,256681767
9eb5ee8d-c10f-405a-8721-8bd31055eec5,mad cow MOOOO,1746146496567000,2509,theefranchise,29200329
99b378eb-3d55-491b-adb8-2581911ea744,classic becca,1746146501625000,2514,ashayuni18,41688273
fa66b46f-4b98-47af-acf2-2225e9c95efd,But with low graphics the frogs arent as cute and it bugs me... why? who knows lol,1746146509085000,2522,chaychocolates,256681767
ee44aa7d-cf9b-4cd5-beef-1002d2d90e03,im surprised you reforged there,1746146515622000,2528,ashayuni18,41688273
a9723fa1-fced-40cb-bc20-ab8d3c10cdea,dclaw redemption,1746146529437000,2542,ashayuni18,41688273
7dc2a93e-1382-4142-bbfd-4436543bf285,theres a lot of brand running around now,1746146566208000,2579,ashayuni18,41688273
2d49a790-226c-4149-b2cb-e6e99810dc40,how long is it until the patch? :P,1746146577485000,2590,qelvue,29197038
13c2ce65-2b51-4081-8cfb-a8cd5c983c37,its out,1746146585088000,2598,ashayuni18,41688273
4bf95149-8dd8-4ab8-893d-ae3be7b79ebb,it patched yesterday :p,1746146591681000,2604,theefranchise,29200329
2861bf29-e71b-48ed-92fc-9a6747f9da81,unless you mean next patch 14.4 which is in like 2 weeks,1746146598739000,2612,ashayuni18,41688273
d4a2cb02-6c79-4233-9501-5550f2656363,xD,1746146599185000,2612,qelvue,29197038
bcb0fa27-c7de-4eb8-877c-45d94794be4e,pivot dog,1746146619147000,2632,theefranchise,29200329
7098b0b9-0ee9-414c-ab07-d55634404a31,deal,1746146620292000,2633,theefranchise,29200329
196628fb-bc47-46e4-841c-bdbeece88414,"@thelittlemooser wow I spent a few minutes watching that video and typing everything the kid says in here, sent it and twitch blocked it. All that time for nothing :(",1746146622376000,2635,izohaz,31641573
3fda5d11-03a1-4988-a339-b2638ee34c2c,"was playing two new games yesterday, missed it was out xD",1746146629142000,2642,qelvue,29197038
bc8dc375-e7f7-4d18-9bad-ac42cd15ee8c,Has anyone played expedition 33,1746146649899000,2663,quitowsky,195684982
825501e4-c27d-4be5-b7e7-c258983e4e93,Very interesting game,1746146658192000,2671,quitowsky,195684982
757e8fe9-4bdb-43a1-932e-d534eaf9850e,roll on 7 now?,1746146670805000,2684,latatumm,122682852
2a522a83-f08a-4203-9d09-6e99744fc49f,@Quitowsky Did you hear it has the highest user score ever? :P,1746146685609000,2698,qelvue,29197038
e22aa867-919a-474e-8460-dd25ee76e7a7,BoomBecca,1746146692209000,2705,izohaz,31641573
591d44eb-d2da-470d-ac31-8964ba2d3a88,Oh really,1746146700788000,2714,quitowsky,195684982
7a70836a-3536-4521-90c9-9bbcf59c7b0d,Great game. 100% the best jrpg this year,1746146732462000,2745,josechensor,1115828586
710a463a-c069-4fc6-ab31-a84f69721b81,it's the 33rd game in the expedition rpg franchise,1746146740213000,2753,meanmisterkien,168573962
52b4bad7-5471-40e9-9842-ce2ca2e82e23,i love it,1746146747018000,2760,lukephan,45759576
13a7b1ca-bf49-4eed-acd2-5e444d919166,you dont need to play the first 32,1746146750347000,2763,meanmisterkien,168573962
3259a143-ac69-4509-b65d-d8454a452411,it gave me the same feeling playing BG3,1746146760251000,2773,lukephan,45759576
40667f84-201d-4376-801c-e1555e7a76ac,turn based,1746146781368000,2794,ashayuni18,41688273
f6bb482b-abfe-4c9d-b6cf-3f3c7c41608c,it's turn based which final fantasy is actually moving away from,1746146789786000,2803,meanmisterkien,168573962
2247a238-d3bc-4f7e-9bc5-7d261d417c71,expedition 33 so fkn good,1746146791691000,2804,soccerrocker116,143646173
6db1542c-f0da-40fa-8fa5-e0cc43cc16f1,"Ehh, BG3 isn't really a JRPG though",1746146791786000,2805,ekstasylol,112233300
ff7e0ac7-53ae-44cf-8204-38646bc64e9c,Turn based with mid fight qtes like paper mario,1746146799560000,2812,josechensor,1115828586
f669d3d1-2752-4596-9732-e675e78b8d81,more like the love and dedication the devs put in like BG3,1746146812119000,2825,lukephan,45759576
9853e137-7ba5-478c-ac24-b5461dcce2c7,"16 was arpg, and ff7r and 15 are hybrid",1746146819465000,2832,meanmisterkien,168573962
8d26f308-1899-4610-9ecc-65b92192aa0f,same feeling,1746146819772000,2833,lukephan,45759576
c541183a-f0c2-4170-b50d-a949da876b8b,wtf is ur board hero,1746146823335000,2836,thelittlemooser,81118507
3996c5fa-ee6e-4079-86ac-f2be77f16ee7,highroller,1746146825355000,2838,thelittlemooser,81118507
c90dc951-7bd8-4034-9306-9d1bd54c90a6,it's more hack and slash,1746146841436000,2854,meanmisterkien,168573962
769ca7a9-7fa7-47ae-b8de-39843620dac6,jrpg is like more narrative based right,1746146856597000,2869,soccerrocker116,143646173
8c12c029-dcac-4b4f-9c49-bc3c385fb70c,kingdomhearts is arpg,1746146863889000,2877,meanmisterkien,168573962
9e80ba16-fa09-4494-a1f0-23ab98d2c7b0,Bayonetta stan,1746146879035000,2892,lukephan,45759576
c21af91e-9b39-423e-a8c6-7ef15a13d8d0,10 LP!? oh no becca ICANT,1746146895545000,2908,victortg95,75323141
27678fe8-38c1-43c6-9ca7-1efa5c569496,niiiice aa,1746146958994000,2972,latatumm,122682852
e5c57718-2e93-45df-95c8-3aabc9f7e95f,"@Quitowsky ah, sorry correction, of the year, on the best games of all time rankings it's in the top 200 :P",1746146961933000,2975,qelvue,29197038
19f26e4d-2b64-4931-871d-876d0b262e16, Becca's best moments >>> https://www.youtube.com/@BeccaTilts/shorts,1746147009637000,3022,nightbot,19264788
283b5cb5-55dd-48aa-b183-604b8b08a382,I see,1746147016737000,3030,quitowsky,195684982
51ca2c3f-b547-4763-8e68-f8d9d52cccbb,victortg95 watched 20 consecutive streams this month and sparked a watch streak! Ok,1746147020146000,3033,victortg95,75323141
cd352852-3a5a-4013-9387-3bf489394a74,"bootybringer subscribed at Tier 1. They've subscribed for 21 months, currently on a 17 month streak! ",1746147025691000,3038,bootybringer,138858083
f2e063eb-20bc-49bc-97d0-a4635bf31ac0,arch angel is bis no?,1746147034524000,3047,tr1v3d1,147971909
9705e18a-2e0e-420d-9431-957588e4e167,they nerfed the scaling,1746147063673000,3076,theefranchise,29200329
b83804a6-4e86-4435-b0fc-86cffcd910a4,based damage stronger now right?,1746147112881000,3126,lukephan,45759576
aab917ef-49b3-4d88-9cc0-ee0ea2a773e3,You probably get more AP value from the AA then the extra AS from like guinsoo now,1746147113155000,3126,ekstasylol,112233300
7159f117-f380-42c0-85b8-912f54ece80a,@Quitowsky you'd think it might get game of the year but then you remember gta 6 is supposed to come out this year xD,1746147126337000,3139,qelvue,29197038
a21829b2-6a37-4976-951a-a7f5ab3a640f,guys did you see the rizzler at the thunderbolts premiere?,1746147131763000,3145,victortg95,75323141
583f0c18-bb34-4e17-a6eb-95b81fa70fa7,i heard he gave it 5 BOOOMS,1746147137842000,3151,victortg95,75323141
60c3a8b4-a7f2-456c-9fa1-0771f257f245,because you dont really want to build another crit item on him,1746147138872000,3152,theefranchise,29200329
bce40dc5-4b2f-4654-807e-91deb6874ba2,Lol,1746147153257000,3166,quitowsky,195684982
8b23b54d-01b2-4948-9bd0-16c845d8ae74,crit items typically not BIS when you dont have another form of crit with them,1746147161021000,3174,theefranchise,29200329
06d65bed-c6c5-4b6e-a57f-449ddd47afdb,wolves in 5 yawn,1746147171685000,3184,maxspirally,150582116
4e825fd0-a5db-436c-b722-765ee87b9b9d,has anyone here play expedition 33? the game is great soundtrack is awesome btu damn i suck at video games,1746147191481000,3204,kurtletheturtle,40790275
4b006049-d03b-4c89-885f-e918477399d7,Lakers played small ever since the luka trade,1746147194513000,3207,shindavid07,26518786
1aa7c4bf-a62f-488a-b095-8c6bd24c2520,Becca rderHello,1746147200600000,3213,chenmahong,1112885571
3f4c25c7-ec2b-4f7f-935e-07b6d6532a1a,DUDE took your time buddy,1746147222820000,3236,victortg95,75323141
cfbe5412-9aa9-4777-8499-4a390fd08119,Mark Williams post after the series was hilarious,1746147222938000,3236,josechensor,1115828586
2422a99f-21f0-4f40-991f-55da750b9ee7,Check out Becca's TikTok >>> https://www.tiktok.com/@beccatilts,1746147310921000,3324,nightbot,19264788
ebc773a4-ceb1-4ab6-890c-2b4c7475fc99,the hero is gone 8th,1746147326493000,3339,thelittlemooser,81118507
e92c227e-2219-4098-b011-6036c6c78737,hi beautiful!,1746147330746000,3344,jyzero,57315823
e8aab4ad-e3fe-4e6e-9e1e-3e814b08c3a5,nvm 7th,1746147333378000,3346,thelittlemooser,81118507
cd946c10-0c0e-4277-ad57-bd8b85028653,"as both an european and someone that don't follow sports, I recognize some of these names xD",1746147417261000,3430,qelvue,29197038
5d015d2a-662c-4e40-b7ec-a73da138848b,xdd,1746147429860000,3443,theefranchise,29200329
8375c7c4-028c-4ab6-9407-fcfc1fdf8cc6,LOL,1746147432896000,3446,victortg95,75323141
7a769021-aeb8-4cea-b904-600c25106f08,peepoAwesome,1746147447159000,3460,theefranchise,29200329
1a7f8496-cc49-4fb2-a609-9d02ea445045,peepoClap,1746147448979000,3462,victortg95,75323141
b6108af8-5b66-4744-baa9-11fb8a714d9c,hat braumie,1746147461195000,3474,latatumm,122682852
5509fc04-8866-42d4-b0b6-8d1c377ff8ac,nice,1746147468729000,3482,latatumm,122682852
52a81292-16ef-4336-8a28-effcd03a1b75,no better feeling,1746147503324000,3516,theefranchise,29200329
3a02ee29-fd76-4dfa-b37c-7eaa41055305,KEKW,1746147504416000,3517,theefranchise,29200329
00ac7789-b7d1-4d8f-8345-02984fb672d0,5 amp 4 strategist is cool,1746147543681000,3556,randibubu,98814390
5d85deee-733a-45ed-abc9-548ba3311d72,I frontline samira,1746147546882000,3560,randibubu,98814390
e1177aba-f76b-4b28-97e3-679938fafe9d,@Becca Do you play other games? :P,1746147576788000,3590,qelvue,29197038
af2ec8b1-3a3f-4cc3-86fc-13dd6108fa08,o7 mort,1746147580028000,3593,literallydark,55674132
e39c6c39-a8dd-4311-bfc0-c52b8578b4ad,how many bloblets?,1746147629738000,3643,theefranchise,29200329
d797e31f-9fff-4844-a2f8-80b1914a9b07,WUT? Becca was a valo god last I saw,1746147632740000,3646,afromanjohan,43604130
73fd9aeb-f05a-4608-8c39-0bed24ab2056,that zac looked really strong,1746147638751000,3652,theefranchise,29200329
11e9f903-c062-4d90-8fe0-9541a6779f87,holy fuck,1746147643201000,3656,theefranchise,29200329
27c31f03-7394-4b3d-a6aa-849e90cd7f34,TF Pog,1746147655465000,3668,banhmiheoquay,86682582
ed058a72-31ed-461e-a574-53a5f4e9b39c,chatt weaker,1746147686920000,3700,djihcoro,26376425
82712632-ff15-4267-878a-f5e485791d84,hero’s board went from ass to everything 3 star,1746147688654000,3701,thelittlemooser,81118507
9cb02d5d-a2e6-4c1f-9715-02a1733d2128,"@Qelvue Please restrain yourself from using such emotes as "" :P"" have some self-respect.",1746147694884000,3708,vyciunas,541481835
0e65c0be-b95b-4be9-a2f0-b86876430a27,now I’m 4th or 5th,1746147698168000,3711,thelittlemooser,81118507
64eb9e0e-009b-4c50-b420-ff13d230dcc6,Join our discord server for offline chats with the community!  https://discord.gg/mdEPnNMHrb,1746147724528000,3737,nightbot,19264788
00c13af7-6997-4751-b729-86d0b64c2cb0,@Vyciunas default to it instead of smiley because we have 5 dogs xD,1746147796891000,3810,qelvue,29197038
084f648f-4216-45f2-aac2-8e9a5ab3f667,Close enough,1746147822445000,3835,vyciunas,541481835
e60ca641-ea9c-4926-9ec5-1d0da6f5f8e9,gold cards xdd,1746147892545000,3905,theefranchise,29200329
d5a09457-d395-471b-8537-608bb9bbda48,marksman sucks when you lowroll.,1746147914231000,3927,thelittlemooser,81118507
dbb398ec-8b40-43fc-8927-cc68e369af5a,I guess most things suck when you lowroll,1746147921517000,3934,thelittlemooser,81118507
fbe6ba9a-4287-45f0-8a6c-12666677403d,lmao,1746147924886000,3938,thelittlemooser,81118507
6d5244a0-9a3b-4f89-841e-11f69065de9b,top 4 atleast,1746147974218000,3987,vietnamiis,121588924
66401cd9-5693-409f-8062-62d47246dd07,SAJ,1746147980162000,3993,theefranchise,29200329
7499a082-7949-4294-9ccf-cb977008a3c2,ban hero,1746147982314000,3995,theefranchise,29200329
16a5ad9e-82e2-4164-9730-748fd7731ac1,KEKW,1746147983054000,3996,josechensor,1115828586
57b48ca4-1c12-43f7-87f0-f984b6c0a5f9,o7,1746147983311000,3996,literallydark,55674132
788f43bb-e636-448d-a8fd-a24e09216a8f,oh no,1746147983778000,3997,vietnamiis,121588924
7b1b6cab-584f-41dc-b231-06d1005d0033,comfy music peepoCozy,1746147989666000,4002,yuukihatsu,51320169
db5d69b7-9e50-42b1-be3f-0225f902d4a0,@thelittlemooser this me atm,1746147991312000,4004,ashayuni18,41688273
eb3b4b55-cd30-47d6-986e-ca01e49bc1aa,board reemed btw,1746148000015000,4013,lukephan,45759576
7f692f9a-6859-427d-9115-bb3a125f83f4,from someone,1746148003791000,4017,lukephan,45759576
702ceeb5-f3d2-4eda-9f26-6b01300b85b4,@chaychocolates,1746148022273000,4035,becca,35824977
89cf7ced-3949-416e-ae80-c57503f48b55,that one,1746148024599000,4037,chaychocolates,256681767
7a446f25-5609-4ee7-a235-139409dff423,I am lol,1746148027140000,4040,chaychocolates,256681767
f7af2cdb-a2eb-40dd-a1f2-adcfb8eddc53,on the phone,1746148029929000,4043,chaychocolates,256681767
d492d927-3b3d-4430-964c-24219782c8df,we can use that one,1746148051013000,4064,chaychocolates,256681767
a332eb70-aff2-4039-bd5e-4533646151ad,idc,1746148053524000,4066,chaychocolates,256681767
0e941615-e302-4293-b8d0-be83428726af,yes,1746148064165000,4077,theefranchise,29200329
f8b3adf5-1431-4e42-aea0-bffe8fcca29e,no i will just eat it,1746148070678000,4083,banhmiheoquay,86682582
9445d356-e257-484a-bc9e-93e7e9e01863,yeah,1746148072525000,4085,djihcoro,26376425
f085fc2e-606c-4b38-adcb-6bf5d3ef422a,I will eat a bug,1746148074721000,4088,dkeldy,52136208
1caae550-1bd1-4670-a525-2cc713692af0,depends how bad,1746148075379000,4088,literallydark,55674132
43d02e4e-547f-4d4b-99fc-4dd8717424a9,depends on what the problem was monkaHmm,1746148076961000,4090,yuukihatsu,51320169
14bc2cc7-8b33-4d4e-bf39-d684d882fb95,Sometimes,1746148084770000,4098,quitowsky,195684982
3684a43c-2c43-4716-9952-4d1600b5a798,if it raw then for sure,1746148088238000,4101,yachi_tv,150847181
d43ee9de-f283-4f6f-86ce-7d67f3e21ff1,Yea,1746148088621000,4101,quitowsky,195684982
42655d27-b877-4225-aa11-8ff5bfb14839,"I never have, but I guess if I was really not happy I would take it up with them",1746148096230000,4109,afromanjohan,43604130
42caf534-b505-4cb1-8ed8-b66bfd7cc42a,"I think if it was ever that bad, I just don't eat and leave",1746148101262000,4114,vietnamiis,121588924
2ace8a77-e8d2-45af-afde-418fb7eefbee,depends what bug,1746148101698000,4114,banhmiheoquay,86682582
ec102a01-7bdd-4ad3-a82c-52485622bc6c,"if it was a bug, id be outta there",1746148108717000,4122,theefranchise,29200329
5247d163-8247-4d44-9d86-74c15cc870f8,that i would just eat,1746148119047000,4132,djihcoro,26376425
1cdfb882-b166-409f-9a82-d1cedb6d90ca,That happens literally all the time lol,1746148121590000,4134,ekstasylol,112233300
5812c8cd-2712-473e-b51e-f891fcabeddd,eat,1746148121914000,4135,literallydark,55674132
84c39d2a-e430-4106-90d4-7f97bd8bc9e3,I would eat it. it's not that much different,1746148122234000,4135,h0j022,22888790
fdc64387-e896-4f13-b88a-9720ba826e20,As long as it's not well done,1746148123841000,4137,vietnamiis,121588924
cc788aac-b742-4234-b393-55a95ae0fe83,LOL,1746148125336000,4138,vietnamiis,121588924
8b76bbb9-1d84-4296-8671-2cda6e48090a,they be making me a new steak xD,1746148126473000,4139,imperiumrum,125240468
1daa8ec3-72ab-492b-bc99-c8c8fa0af2d7,blue????,1746148130738000,4144,afromanjohan,43604130
97661a72-0ad4-440f-9871-58e59362522f,That's the only time I sent something back. It was well done though.,1746148139553000,4152,talevaar,161574472
b027d59f-7415-4cc0-8541-2390c0efeeb1,"if you asked for MR and it came out well, i would send it",1746148146858000,4160,djihcoro,26376425
841ebfa4-5b34-4c0f-a6f6-e25d5b05b727,i think unless you're at an expensive steak place it's pretty obnoxious to send back a slightly overdone steak,1746148158230000,4171,snowcrash_,28513070
5a068dbd-b909-4234-a004-b12dd06fa858,thats more for tuna i think,1746148158622000,4171,dkeldy,52136208
95d85d8e-1289-40db-bf90-fe13327870b2,How can you fk up a steak from medium rare to blue?,1746148159984000,4173,h0j022,22888790
c772db3e-9547-4089-9c9e-25f638846fdd,Blue is just like only a sear,1746148160136000,4173,ekstasylol,112233300
e2992ff6-b3f7-44b8-8355-4932e4515ed4,like bro we're in fucking outback,1746148162375000,4175,snowcrash_,28513070
54fb7f1c-c447-4fec-8cd8-a050dc0dda2f,just eat it,1746148163878000,4177,snowcrash_,28513070
07326e38-33bd-432e-bf3a-14c2428f775c,send it back,1746148167936000,4181,theefranchise,29200329
3cad4024-2595-4bd8-bbfd-7b9d00253ed0,I ordered an iced latte today and got a normal one and didnt say anyhting,1746148167957000,4181,pink_joshi,40532399
0d83ac7f-332d-4497-a994-3848ee7cb034,If its vaguely close then I usually dont mind,1746148183045000,4196,ekstasylol,112233300
96e35fe4-fe2f-43cb-a73b-a6ba7c688321,i feel like asking for medium rare and getting medium is a crash out line,1746148187582000,4200,djihcoro,26376425
0df9884e-8566-4155-a074-9be7c4d4a40a,medium well and well done should be banned,1746148190253000,4203,imperiumrum,125240468
e41c1d9b-0538-4052-b985-56fca466bae7,KEKW,1746148202581000,4215,theefranchise,29200329
d5e7c6f4-ec05-46a3-be37-eff367f319de,same KEKW,1746148209797000,4223,victortg95,75323141
bead4fa1-0f39-4b04-a351-b7875f9767b9,I mean if its like a 100$ steak then I'd totally send it back if its not close,1746148210298000,4223,ekstasylol,112233300
b5d9ecb0-3c12-4556-8f11-18842547bcbe,if they say it's medium rare then ask for medium,1746148213015000,4226,h0j022,22888790
0feba018-ad51-4943-845d-da6e24fa26f8,damn i kind of want a blooming onion now,1746148215286000,4228,dkeldy,52136208
b6798f0c-f9a2-4585-8ce0-2de811dfe8dd,yeah how dare you back seat a michellin chef,1746148218341000,4231,meanmisterkien,168573962
167a9df0-a3a8-4bf4-8456-c37445211c76,@ImperiumRum I dont know how/why that is a category for option. Makes it seem like it is acceptable,1746148226573000,4239,afromanjohan,43604130
3ca72a41-2ebf-4db0-90a5-e7923aa8cf43,it',1746148229735000,4243,snowcrash_,28513070
96dfb521-a8b2-429e-bcb3-af894bf7058f,Idk if I'd notice the difference between medium and medium rare for the most part either lol,1746148231409000,4244,ekstasylol,112233300
ab5042dc-635b-435a-80e9-552626dedfb5,s kind of a catch 22 because a super expensive restaurant should really never fuck that up,1746148243745000,4257,snowcrash_,28513070
0647633f-4a43-4804-9aaa-2525f6600bce,shout out to everyone who let me pilfer a mord that game,1746148252620000,4265,theheroisgone,49032691
66bdee0f-ce01-4d52-89f1-36e4287e5790,you need the blighting jewel,1746148264255000,4277,lukephan,45759576
0d78cdfa-c965-4494-b802-039b3bcd1ca3,i think you only play morg with blighting,1746148266280000,4279,ashayuni18,41688273
2372767e-c650-4733-bdff-ef413257ef65,right?,1746148268674000,4281,lukephan,45759576
59e0c63d-cc43-4ea8-9a80-19333d4eacdc,"expensive restaurants that are thriving wont mind fixing their mistakes, it's those random ones that scare me haha",1746148280312000,4293,vietnamiis,121588924
bfde4b42-862b-4fd6-8f21-f9f8bffb34d4,would you say it was a smorgasboard,1746148281725000,4295,snowcrash_,28513070
3d7ce311-922b-4d4a-bca6-8d49960c3672,no way do you take that,1746148299916000,4313,theefranchise,29200329
fbb72494-38b3-472b-9b67-2ab2cdb88cc8,gamba,1746148301883000,4315,genichi42,213867163
5dfca99b-cd15-461f-9e03-3dbba10fd8e9,that techie augment seems so shit,1746148310288000,4323,theefranchise,29200329
a5728b79-9da0-4370-b1c5-ac71cd6c8e08,Listening,1746148312672000,4325,victortg95,75323141
206e3690-9a30-4b80-9c28-8d9de939cd49,and it didnt get buffed,1746148327573000,4340,theefranchise,29200329
cc877c59-4fb7-44f3-a787-5799e2328fee,the techie one?,1746148336423000,4349,theheroisgone,49032691
34f50284-d262-402c-89db-b8bc49787299,capacitor,1746148342794000,4356,theefranchise,29200329
f641fbd6-2673-4f04-a381-a5751debf133,hey becca was in your game last night when we both went cyberboss gg and good luck!,1746148343688000,4356,yvngmob,191916499
1e2af51d-cccd-4c24-8385-ea22f5dfd0a8,LOL,1746148356213000,4369,theefranchise,29200329
5887b92e-76ac-4704-b3bd-daec7ca04b59,LOOL,1746148359403000,4372,djihcoro,26376425
7d0b6124-b4e4-4943-98f3-98bd53e8a555,classic,1746148361700000,4375,literallydark,55674132
c92cda92-17b7-4aaa-9385-389e6662c194,xdd,1746148427029000,4440,ashayuni18,41688273
1b28fc6d-ebc9-4639-8aca-5ce10679d30d,LOL,1746148428123000,4441,victortg95,75323141
91833364-56c2-45da-8026-a2fe29eee7df,vip them,1746148432402000,4445,victortg95,75323141
ef12e89d-7090-4c56-b75a-05a0e663aebe,xdd,1746148432811000,4446,theheroisgone,49032691
b4ec0c3b-7249-408f-852d-a3a959e9520c,honestly valid,1746148438510000,4451,theheroisgone,49032691
f09e9a5a-7265-4c0b-adea-07b8805739aa,KEKW,1746148441398000,4454,theefranchise,29200329
ba965739-7ed2-4294-bfdc-dd66807b72c1,dramaa,1746148442675000,4455,vietnamiis,121588924
ed7c6f91-81d8-429d-9b63-a23cf68a5849,barely i had like one health,1746148445550000,4458,yvngmob,191916499
5e753f49-54af-464b-9ea4-31ab75e722be,i love emoting on my contestor,1746148445694000,4458,theheroisgone,49032691
895c331e-baa6-4ac6-9d46-c9affd6afcde,kek,1746148447491000,4460,vietnamiis,121588924
6890d99c-a385-47b5-96b9-64fe67dfd6e7,New gamba?,1746148449317000,4462,orcakite,102450576
e007e6f4-b697-4306-9285-205cd4776e4f,:DDD,1746148452550000,4465,yvngmob,191916499
c1f5dd1b-472b-4e30-9d58-653638f7ddc1,ICANT,1746148456542000,4469,victortg95,75323141
1175987d-587f-45d2-aea7-a33261631bd7,THEVOICES she can feel it,1746148459718000,4473,literallydark,55674132
79ab6ecc-e8a1-4ec3-bfe5-7843dd42fb1f,i emoted a guy who contested me the other day as i killed him and he sat there for another minute flaming me as i kept emoting lol,1746148460151000,4473,meanmisterkien,168573962
437accd9-bcc3-44df-bf13-92b326b62ca8,no shame,1746148461046000,4474,victortg95,75323141
fe6c0e22-ccaa-4f61-bb36-28bdad49ee39,i had veigar 2 and she had veigar 3,1746148466090000,4479,yvngmob,191916499
bcb1e6ac-8966-4641-b0eb-0f760b64302f,well new kuboko doesnt really care about cyberboss no,1746148486750000,4500,theheroisgone,49032691
03fbfd8f-2aa4-4a91-9497-8299a6e8a6cf,ya didnt say anything,1746148493757000,4507,meanmisterkien,168573962
dad2d54c-5855-475e-a752-bc984980a37e,just hit him with the same emote over and over,1746148497084000,4510,meanmisterkien,168573962
6a1c5b29-9cf4-491f-ab7b-6b475b0d95df,GAMBA,1746148510250000,4523,kev_tp,106521876
80647735-6c2b-4a56-8b76-b0692c3efc29,I saw a fair amount of slurs climbing while in emerald and below,1746148511600000,4524,victortg95,75323141
b2030043-b01e-4ab4-8bc2-42a44dc80077,ive started blue pinging people on the map after they blue ping something on my board,1746148514312000,4527,theefranchise,29200329
ab2b901d-408b-44b7-b077-efe418ab1aac,yeah u slammed them so hard ahah i was like sheesh we got a game on our hands,1746148519503000,4532,yvngmob,191916499
dc697179-ad84-46b3-b6a8-29b54ab92d8b,Can you have an lp deficit when you stay loing time around 0LP?,1746148526215000,4539,impetheus,240361263
feccde1f-88d9-4218-a9cd-d0180ba41e23,if i saw u took cyberboss i wouldnt have taken it,1746148528760000,4542,yvngmob,191916499
24c0f803-4256-419a-9ba4-f4e7735d575f,thats a new long franchise,1746148533930000,4547,theheroisgone,49032691
04da3006-1398-4f82-a5da-47959bde7180,blue pingers Angry,1746148564227000,4577,theheroisgone,49032691
694e7104-04b6-4f7c-a3b6-2ec017ae2c27,@impetheus YEP your mmr goes lower which damages the LP you gain from wins,1746148576951000,4590,victortg95,75323141
d1c762f9-e291-446e-b0ef-295a63483957,blue ping deez,1746148581824000,4595,lambington_,604736387
be023059-d544-4990-8e64-4c52956a3c5e,aha yea the early tear cloak was tempo af,1746148588332000,4601,yvngmob,191916499
e9e98197-635e-4606-9332-3145e0c557cf,-80 for and eif YEP,1746148612177000,4625,theheroisgone,49032691
decf0be6-51fe-4215-a15c-6ba1088dcf8f,Life,1746148617315000,4630,theefranchise,29200329
a20a8ec8-9724-4586-b725-75912965f49e,the game thinks your boosted and puts you in jail,1746148622000000,4635,djihcoro,26376425
4109fc63-95f9-486f-afcc-8a172bd40ef6,youre*,1746148627992000,4641,djihcoro,26376425
84329f8a-f7ea-464e-8942-d45efe3a71f3,Hard to climb (if you are bad like me),1746148629707000,4643,afromanjohan,43604130
9f66ac9c-fc2e-4175-80e8-aecf71477f30, Watch the latest youtube upload here! dinkDonk  → SILVER SOLO QUEUE FIESTA - https://youtu.be/csEb2DsUJCU,1746148635091000,4648,nightbot,19264788
de1833d7-4da7-4ea7-8ae6-67ba7ccf5016,pd Shruge,1746148658275000,4671,theheroisgone,49032691
6b3fbae2-1d50-45aa-aef9-cb6a812f1b9d,samira is still pretty ass i think,1746148679449000,4692,theheroisgone,49032691
fbd7d1f9-540a-42b1-8362-d72fc4115a4c,hey becca can i get this song,1746148689998000,4703,shopsmartshop,143913445
79d4fba9-a672-45c3-806c-b22af95c8ba7,name,1746148692963000,4706,shopsmartshop,143913445
6e40cb60-d1f9-46c7-9d82-99b905eb4021,song,1746148694972000,4708,theefranchise,29200329
2802d495-b845-4479-9f8f-b14a795f3849,"▶️ Isaac Albéniz, Miloš Karadaglić - ""Suite española, Op.47: No. 1 Granada"" -> open.spotify.com/track/3YhCoPBjGInzgaIjd2mXcp",1746148696171000,4709,nightbot,19264788
eb913be2-c289-455a-9208-c0ebcaeffad0,wasnt brand buffed?,1746148699169000,4712,victortg95,75323141
e45714a4-bf61-4c7b-9102-b7bebb30e9de,sounds like the best comp is the old comp,1746148711044000,4724,victortg95,75323141
b7d560c2-9696-4dad-8722-f007a0ed303a,hi @Becca hope you slay in your games today,1746148740206000,4753,saint_panda26,99668716
ce747a68-a717-428c-9a35-de97be5ae951,he still does viego things,1746148778271000,4791,theheroisgone,49032691
39020090-34d2-4452-9f20-57a412a1f680,he dies a lot more now,1746148778498000,4791,ashayuni18,41688273
b4852406-544d-43ce-ab13-88ced8e4448e,I feel like you build him more defensive now,1746148855342000,4868,victortg95,75323141
b96aa5f2-9f17-41f0-b390-934a3eaf7c00,LMAO,1746148883470000,4896,theefranchise,29200329
cb660a29-df26-49e1-9194-4468ca90ef95,ol,1746148884102000,4897,quitowsky,195684982
674b9820-8a31-4c47-a24a-c2aff31d855d,Waiting,1746148915212000,4928,quitowsky,195684982
0df9f369-1cde-43ca-89ba-b043467068d6,uber driver camping a corner ICANT,1746148944758000,4958,djihcoro,26376425
85b23b9b-53f4-49cf-b17e-85e9e952ca13,I just walk to the middle of the street in those situations,1746148966014000,4979,victortg95,75323141
58a0d454-901e-4698-a4f6-c52ed2e401b0,just playing frogger irl all good,1746148993434000,5006,theefranchise,29200329
80e5ca4c-fe2c-4876-aae0-e687f830a790,but she would see you Shruge,1746148995629000,5008,victortg95,75323141
4ce021c6-7f81-42e0-ba6c-0eacdf2548e7,gunsoo snipers fishbones kobuki fucks,1746149006879000,5020,latatumm,122682852
971ae482-f083-4bf8-9654-57d68712145e,"""im the girl under the car""",1746149009313000,5022,victortg95,75323141
670bfcce-d1bb-4624-a32f-46dd0a4676ea,a unit we do not need,1746149025222000,5038,latatumm,122682852
d5fa9b22-a79a-4d75-bcb3-fa6d5a9715ca,everything is a unit to you,1746149030192000,5043,theefranchise,29200329
95042d75-1aae-4f8e-a720-b3df82504fcb,dang playlist cookin,1746149046824000,5060,shopsmartshop,143913445
9a1986b0-8d77-4a86-942f-f599015b0e16,song,1746149076478000,5089,shopsmartshop,143913445
272d188a-4826-494e-b496-a591d6b11412,"▶️ Arvo Pärt, Angèle Dubeau, La Pietà - ""Spiegel im spiegel"" -> open.spotify.com/track/7zHd9LxIZB8WKosSWN9Umj",1746149077550000,5090,nightbot,19264788
34b6775c-3ce0-46cc-9475-1bbc3a1c5aa7,Literally only bangers,1746149080723000,5094,ekstasylol,112233300
1f0382d7-4de4-44af-8122-2913ef0d606c, Becca's best moments >>> https://www.youtube.com/@BeccaTilts/shorts,1746149110640000,5123,nightbot,19264788
00c5889a-c695-43bf-ade4-68359531944c,Struggling to keep my feet from tapping along to this sick rhythm,1746149111294000,5124,afromanjohan,43604130
fe7a281c-50de-4aa1-a6ab-5c42302d2533,they nerfed both of them,1746149196039000,5209,theefranchise,29200329
0aad0cf8-fe81-491a-a39e-bd450080ebe3,Hi becca! May is going to be your month! Trust me :D,1746149269535000,5282,sqpm,71923110
22218cb4-110b-4e41-b4a9-cff1ec62f887,is samira a unit now?,1746149340372000,5353,josechensor,1115828586
fec6c7bd-c1ef-452b-8d39-bad3e8d6019e,or is it just 7 street demon?,1746149349506000,5362,josechensor,1115828586
60df42ef-605b-42d2-822b-c80864916bca,her traits are good,1746149353494000,5366,theefranchise,29200329
b5c2b31a-9acb-4fae-9da6-9f819a0c0293,brand and samira are shit units but 7 street is overtuned,1746149369228000,5382,meanmisterkien,168573962
a8f6e4c6-9afc-41ed-ab55-d75190c3bcc7,if they were good units youd see them flexed into other boards but you dont,1746149384669000,5397,meanmisterkien,168573962
2e5ad505-4144-448b-bf3b-cdcfe7041cfc,got it NOTED,1746149385910000,5399,josechensor,1115828586
02ebd903-1637-48a6-b30c-394dea594b35,Join our discord server for offline chats with the community!  https://discord.gg/mdEPnNMHrb,1746149415533000,5428,nightbot,19264788
26b542ee-8aaa-4f0e-932f-643506a40a04,lock in becca time to go infinite grandmasters today i feel it,1746149427087000,5440,yvngmob,191916499
0ce66718-6fe6-424a-bd40-3ca52e8aec37,you are making shojin right?,1746149436216000,5449,theefranchise,29200329
8411db68-eb40-4311-8149-d479d901c5ff,samira over mundo and get another bruiser?,1746149481579000,5494,teomedro,423641306
9ef5383d-8baa-4150-b0f5-6f96b3e390f4,I think that was a level diff,1746149604227000,5617,thelittlemooser,81118507
b7226b8c-a882-4b44-94f1-86c95f0cb139,2 item 1 cost 5k dmg,1746149607009000,5620,theefranchise,29200329
e7eb6f5e-3d87-4638-84af-cfd8190c55da,if that makes you feel any better,1746149609328000,5622,thelittlemooser,81118507
8440c228-1702-4ad6-838a-e2c1b7265691,omgHello everyone widepeepoCute,1746149642122000,5655,xxknowledgerxx,268287457
541db8c9-0a02-4603-a012-30cb898d1f8a,hi frannie alowo,1746149647242000,5660,xxknowledgerxx,268287457
4c0c18dd-229b-4e6c-8a40-943ec1a4ca30,6 sejs,1746149656295000,5669,theefranchise,29200329
94a85590-c168-473b-90f2-d40fb5c0d0ef,at least,1746149667308000,5680,theefranchise,29200329
27dae577-1c25-446e-81a2-f8b0f7eca63e,hi becca becHey,1746149674342000,5687,xxknowledgerxx,268287457
4572606e-cc54-4354-8462-37eaeea37d5a,you did,1746149680251000,5693,theefranchise,29200329
f8cd0900-2387-4757-a83f-5f06c9f4da26,KEKW,1746149681320000,5694,theefranchise,29200329
93649dcf-7f12-4b76-8348-bcb222ae30c4,know ALO,1746149685755000,5699,literallydark,55674132
8ef97385-1bd2-4713-8118-ac14cdba2a18,dark alowo,1746149691768000,5705,xxknowledgerxx,268287457
463fb907-0ebb-4505-9415-6541288c26ed,7,1746149692367000,5705,theefranchise,29200329
daa8005b-2f99-4f6f-8c9c-01b4de188917,strat spat Pog,1746149741785000,5755,josechensor,1115828586
9e28e023-26d7-4bfa-b0fc-12f283923ec9,Hey @xxKnowledgerxx,1746149773919000,5787,victortg95,75323141
4e8c35e0-36e8-4823-bc54-68cc68477380,Hey vic,1746149779812000,5793,xxknowledgerxx,268287457
81e3dca4-6797-4de2-b150-7e57d0aa1da7,or with a second diego 2,1746149800948000,5814,latatumm,122682852
99f50137-a21a-41a7-8eee-2f2abc7cfe8e,nvm,1746149804067000,5817,latatumm,122682852
dcabf96f-33a3-4c3f-be30-dd611534878b,items diff for sua,1746149848117000,5861,latatumm,122682852
89892ac3-50d6-4504-b391-796212deb07d,that radiant warmogs on neeko is bbbbroken,1746149855341000,5868,latatumm,122682852
09e94ad9-56bd-4b2c-b550-e3fd1615fa37,samira for zyra? Shruge,1746149857994000,5871,victortg95,75323141
8ad09455-dc9d-4b55-8cf8-d69f597f95aa,zyra is an extra techie now so,1746149887598000,5900,latatumm,122682852
d7dd9519-0cff-47f8-889a-3f488519e6ba,idk,1746149889079000,5902,latatumm,122682852
29ec1c89-05a2-4a45-9023-b51cbb3a1059,rengar is hp kekw,1746149894127000,5907,latatumm,122682852
6f62e3de-54ee-4f46-8f6d-633847befd5d,can cloak the zyra,1746149899108000,5912,theefranchise,29200329
a529e036-9ca7-4a77-ad19-eecb7c151085,just hit SMH,1746149956957000,5970,xxknowledgerxx,268287457
e6a8db50-d888-4421-bc29-ba80b7fca250,how's the new patch? Looks like street demon is the new exo?,1746149990970000,6004,bandfreak237,92869958
b18c20ef-1cc3-4352-a474-253e07254e4c,also why is brand 2 literally sarah sized tiny?,1746150008071000,6021,xxknowledgerxx,268287457
94c2bf2d-1424-409c-a7af-af53d0ff7781,This Brand unit doesnt always amaze me with his effectiveness,1746150020009000,6033,afromanjohan,43604130
5b3524db-1bec-480a-9f6d-853cb45db982,it's always 7,1746150044578000,6057,meanmisterkien,168573962
11625dd6-d379-4aac-9859-28cae0f0c6f3,7 is stil better,1746150051773000,6065,latatumm,122682852
0ac7d070-7021-45bc-a476-985ed3525eea,brand 1 and 2 lol,1746150061542000,6074,ranran46,188350995
a3e941fb-04ae-4bfc-a5bd-b6fd109aa23e,oh i mean brand players 1st and 2nd,1746150087487000,6100,ranran46,188350995
75075cc2-a29f-4392-ac76-8acc269f5151,bt diff,1746150088190000,6101,theefranchise,29200329
ab605ef5-fe57-4827-bb15-7f0cab154685,I would have dropped 7 for a garen,1746150095741000,6109,victortg95,75323141
a1706fe4-777b-47e3-a3f4-029c8e8b19ed,and a strategist,1746150102337000,6115,victortg95,75323141
d407f327-88e9-487a-9595-ad46855b788e,slaymira 2,1746150122464000,6135,latatumm,122682852
b82e4ce3-4fdc-40d3-ac41-2568c8b60881,street demon just so op,1746150122507000,6135,yvngmob,191916499
eaf2597e-3e9b-483e-864d-131f6cfd558f,vertical is the way to go,1746150127565000,6140,yvngmob,191916499
5eaa7db8-f3b5-4dec-8160-bbc7636fb27f,cho gath has a techie mod from garen rn and also that seems much weaker victor,1746150132722000,6146,theefranchise,29200329
86c14c59-52d7-4b2c-9b9d-17127888f5d0,bt better on samira?,1746150155377000,6168,ranran46,188350995
1d7f6179-3025-47a4-8df3-e85108bc7446,well I wouldnt keep the garen if it gave me teche mod on cho KEKW,1746150159730000,6173,victortg95,75323141
1db852fe-4c35-4093-b92a-8e49b1e91fe3,xdd,1746150164285000,6177,theefranchise,29200329
9240e34f-ccb2-4bf8-8abe-aeb6d37d092f,but a strat on brand or street demon on ziggs seems very good,1746150181632000,6194,victortg95,75323141
17e1998e-9c88-4b78-8673-e09eaa441080,cant believe he didnt deny that samira on carousel,1746150212841000,6226,ranran46,188350995
abadae3a-c6a4-4e12-b48b-977ec984f484,"you got a kobuko, he got a mundo",1746150228452000,6241,theefranchise,29200329
5483e3d8-5913-4779-bd2a-e6396d6990ac,LOL,1746150229652000,6242,theefranchise,29200329
95af721a-8b79-4027-9ae1-c92a302734fe,you got a kobuko,1746150269445000,6282,ashayuni18,41688273
71bcdbd5-f252-4670-ad3e-a19de5514c43,Smoge,1746150272101000,6285,literallydark,55674132
497ec6f9-8272-4842-a518-e6474f21e83f,asha alowo,1746150278892000,6292,xxknowledgerxx,268287457
f92b41ff-4a57-400a-85d8-ec4b81efa091,Hellowo ledger,1746150288592000,6301,ashayuni18,41688273
a6169bbb-9c5f-4b60-bb2d-f09c7cb5857d,u cap higher cause u can still stack samira items lol,1746150298838000,6312,ranran46,188350995
c0d953af-f611-495a-ad55-2118110ed842,level 9 shops,1746150308344000,6321,theefranchise,29200329
9b940418-82e2-433b-9659-a4472015a5ae,YEP,1746150311350000,6324,theefranchise,29200329
a4a77fb4-b089-472b-953f-9ba37c3d75dc,scammed peepoRiot,1746150311837000,6325,victortg95,75323141
7c9a017b-9424-4485-8c34-02791d696768,those are not bad tg items,1746150330369000,6343,afromanjohan,43604130
54b8de28-80c3-43c5-b101-9aee0ddf4e73,peepoAwesome,1746150350849000,6364,theefranchise,29200329
b10bb21e-c8e0-4408-b272-a7d3d79c8ff2,samira Pog,1746150352226000,6365,banhmiheoquay,86682582
1e225e7d-fa80-44f9-b5b5-9d4050f48a1d,LETSGO,1746150352725000,6366,victortg95,75323141
fadd2d2e-f05f-41a5-84e0-9289dd624c9c,EZ,1746150353251000,6366,literallydark,55674132
35025ba6-40a7-4efd-a2c9-cc02e5e7ff2f,pog,1746150357828000,6371,thelittlemooser,81118507
7f9f1da1-5e09-4400-8d2b-5f99ce85b1a7,it was not,1746150361728000,6375,theefranchise,29200329
150488cb-8ddf-452c-ac04-47ce4af42584,ya,1746150364922000,6378,theefranchise,29200329
fb0798c0-59e3-4d89-9910-d859ba019530,samsam smurfed that,1746150366996000,6380,xxknowledgerxx,268287457
e27e0378-65f1-4105-b8d9-01c5c864e3ea,CKnoxe subscribed at Tier 1. They've subscribed for 46 months! ,1746150409041000,6422,cknoxe,40002856
1e25c2db-30c8-4dba-a6ad-a1c407c52ffc,a genius,1746150416671000,6429,sqpm,71923110
3cbc4577-968f-49eb-a3ac-504471dd436d,compelte,1746150423395000,6436,ashayuni18,41688273
87352cae-240a-4200-9e63-04f5543cc8d9,complete,1746150426231000,6439,theefranchise,29200329
8cdc69fd-00e3-4233-9992-31525c998f8a,compete,1746150438483000,6451,theefranchise,29200329
5a6fce65-4b2b-48d6-aacc-0d9ed675f435,Comet,1746150441379000,6454,banhmiheoquay,86682582
15aaef2e-c5d0-4787-aa18-8d54074207f9,omelette,1746150443216000,6456,yawneteng,72892728
9b4383c9-71b0-4795-bd26-8e3c9e3853fc,its complete though,1746150447463000,6460,ashayuni18,41688273
1fc47e98-18b0-4588-9c0e-ef788dc6e33b,xdd,1746150448947000,6462,ashayuni18,41688273
69801968-7e76-4367-9eef-f078fbabe329,compete,1746150458937000,6472,djihcoro,26376425
a15ec572-6f1a-4c4c-946a-faaaf39ae9ea,"of course its not complete, you are missing a lot of words",1746150464448000,6477,victortg95,75323141
61e4fbde-faba-4707-b524-e1460047f1f5,xdd,1746150466391000,6479,victortg95,75323141
428014de-9b48-4536-a291-36ce36149611,you got it.,1746150474522000,6487,yawneteng,72892728
8b2ab379-8510-4818-958a-0154ec74ecd2,pompom,1746150478058000,6491,ge_ode,104276625
b7b03d5c-db4b-41ca-b19d-6166a4cff140,compote,1746150479477000,6492,josechensor,1115828586
39245591-0238-4ff0-8e79-81db09022808,OMEGALUL ette,1746150479671000,6492,theheroisgone,49032691
27101ee9-de18-43ac-a8d0-708428929108,hi hewo,1746150487017000,6500,xxknowledgerxx,268287457
b6dc72a2-af75-41d0-8d4b-dd9b0014e4de,hi alex,1746150494132000,6507,theheroisgone,49032691
670ddd91-c52d-4afb-8064-fef2335e1e5f,oops,1746150497289000,6510,d_rida64,27791505
7d969966-e8c3-4c57-867f-064bf371a833,oops xdd,1746150501278000,6514,djihcoro,26376425
0a3608e2-0625-40e1-81cb-64c259bf906f,why does the outside air smell like weed so much majj,1746150504583000,6517,xxknowledgerxx,268287457
4d640907-3f6c-46ba-b77e-ae184c68b652,makes me wanna smoke,1746150513282000,6526,xxknowledgerxx,268287457
d8dfafd8-99c7-4671-92c6-6eebb94691f9,@xxKnowledgerxx stop smoking so much then,1746150514221000,6527,ashayuni18,41688273
45d554a5-fee1-4add-91f0-edb9c5ee436d,lookUp,1746150518726000,6532,djihcoro,26376425
3265a82f-8e09-45f1-9939-49ac4971145a,they bug fixed it,1746150527329000,6540,theefranchise,29200329
3220a671-5d26-4eea-be7f-e0d3954752c9,wish it was my weed,1746150527738000,6541,xxknowledgerxx,268287457
3b36927a-4b51-455e-b94f-a485c4a26bc7,so its not as good,1746150534072000,6547,theefranchise,29200329
832c5523-aa88-469c-a0ff-20738c422be5,ye,1746150538528000,6551,theefranchise,29200329
ba722e6a-36f4-4e81-8165-72500cfd2cb0,naafiri game,1746150544061000,6557,theheroisgone,49032691
621a56a5-f289-4a98-b4a0-79194acbaa66,well this is a nice lvl 6 board,1746150564014000,6577,victortg95,75323141
8605ecc3-6860-4ee6-a3cb-12bb29b5ce1c,LUL,1746150575680000,6588,n3ther,14619582
a92c4009-d40a-4637-8a5c-d13e6cb2314d,he has been a baby forever,1746150576111000,6589,dansoulreign,43053494
039fd1a9-3685-4d81-b934-fd79a22c1129,wdym he always looks like that,1746150580037000,6593,meanmisterkien,168573962
93dab8fd-2e75-4f02-97f9-6359c0f4af46,pausecham,1746150584733000,6598,djihcoro,26376425
89730e46-af76-489c-acab-6e876438099b,Wokege,1746150585739000,6599,victortg95,75323141
0b3c4a0f-cc54-4604-a8d6-476121f63cb2,do it,1746150586845000,6600,theefranchise,29200329
a4f4f1f7-63eb-4a19-b168-51570f8b02c5,do it,1746150588603000,6601,ashayuni18,41688273
2ec9e787-156c-42b8-a74c-c0a830bf90d6,this means he's finally comfortable in LA,1746150588964000,6602,meanmisterkien,168573962
1a0da9a2-04cf-4961-bd5f-256dadeacf00,1 Kappa,1746150589518000,6602,ryance,163826957
bf5b434e-e0b6-408f-9c19-d2a2a7f2a36f,but we are,1746150591555000,6604,djihcoro,26376425
f20f2605-73ce-4ff8-b977-9228abd36e2d,do it,1746150591660000,6604,victortg95,75323141
fe605052-1f52-483b-8899-687fe6820c7d,HUH,1746150596248000,6609,d_rida64,27791505
dfd9390d-fcbd-4790-9103-b96a7e6f2d4a,Do it,1746150601752000,6615,orcakite,102450576
b10219a9-b268-4bc8-9e1a-99f9d533d765,Wish you would of told us this before we predicted,1746150601953000,6615,goldwatch,37522159
f5d83b87-c054-4325-a778-7af0f518eed7,Bedge,1746150602980000,6616,theefranchise,29200329
68907970-1b7f-4da1-883d-2630e6063801,peepoPooPoo,1746150604164000,6617,xxknowledgerxx,268287457
e1b23ef9-bf10-4bcc-bbab-edfac8b44ccf,ResidentSleeper,1746150605817000,6619,ryance,163826957
6e14a287-3859-483c-b28f-b39527b94473,Is there a prismatic AFK augment?,1746150606146000,6619,afromanjohan,43604130
83a70efd-27cc-48f1-8329-e2279094f6d8,Bedge,1746150607893000,6621,djihcoro,26376425
d4efa03d-133a-4154-9e0c-b6e4cbad690d,peepoLeave,1746150608051000,6621,victortg95,75323141
98d0c171-cafc-4500-9ccd-cba19792e73b,who are you,1746150609611000,6622,theefranchise,29200329
2fb8d4b1-d607-4643-aafb-34c2d62db590,peepoPooPoo,1746150611544000,6624,n3ther,14619582
9ba18108-ecb3-446b-939f-a25ee2c344e6,she’s changed,1746150615652000,6628,thelittlemooser,81118507
b8e46882-3394-4ceb-a744-b68079f6c60c, Becca's best moments >>> https://www.youtube.com/@BeccaTilts/shorts,1746150622885000,6636,nightbot,19264788
84365069-1041-4fbc-99f3-b73de5687e69,This used to be a fun stream NotLikeThis,1746150627091000,6640,ryance,163826957
26f40525-1b2e-4e65-aa31-a778f8cefb78,this used to be a proper stream,1746150631407000,6644,victortg95,75323141
bc465d4a-058f-4618-98cf-35f1bf393376,SAJ,1746150632892000,6646,djihcoro,26376425
4aff014d-8240-47cd-95de-027e1b6f8299,first thing i do every morning after waking up is poop,1746150635000000,6648,banhmiheoquay,86682582
0d6a1aa7-34d0-4fde-a0cb-46cdd477db02,"ALO yes, twitch? would like to take back my gifted since this is clearly not my strimmer",1746150652330000,6665,xxknowledgerxx,268287457
732b8259-1055-4a37-9157-8fb974e053c2,just hold it,1746150653660000,6666,banhmiheoquay,86682582
acbbe159-0bdb-4ed4-ae04-0dc200cea555,Shit on the bench and.... other places...,1746150662317000,6675,afromanjohan,43604130
8ef47498-5cf5-4a09-b207-b185a17aad2e,Bro this sett is cooked,1746150664267000,6677,pablo_baass,891924467
6eb94ddc-e784-4283-a004-a5f379457762, Watch the latest youtube upload here! dinkDonk  → SILVER SOLO QUEUE FIESTA - https://youtu.be/csEb2DsUJCU,1746150666219000,6679,nightbot,19264788
c063346c-7f49-4743-a05f-95988ed15933,Don't forget to subscribe to youtube! dinkDonk → https://tinyurl.com/beccasub,1746150685107000,6698,nightbot,19264788
69ebea27-04e9-471e-af54-6dd497626faa,lol,1746150691099000,6704,quitowsky,195684982
017890b6-53d4-4332-8595-362369267af8,um,1746150704716000,6718,xxknowledgerxx,268287457
8df39ae2-0b59-4986-baee-1f1add198f6e,likely story,1746150707949000,6721,afromanjohan,43604130
cac49e0c-9512-4f1d-90ba-1dc44c30916d,this radiant item isnt paying off,1746150732125000,6745,victortg95,75323141
275fcb17-94c7-4f80-8427-dfbfc2166464,What are you playing this game?,1746150748096000,6761,pablo_baass,891924467
cac1cd93-433e-43bf-9968-bea9af2a3788,what portal is this?,1746150777039000,6790,victortg95,75323141
20d3d53e-4df2-41fe-8307-a64be3638e2e,oh I dont think elise will hold then,1746150799551000,6812,victortg95,75323141
408bc041-1e82-4bd6-b2fe-3a2047f7b8b0,pog,1746150814184000,6827,pablo_baass,891924467
8cd1eb06-4a98-46b2-92c8-0b0cb9e9c54e,PianoTime,1746150814685000,6827,n3ther,14619582
899b38ba-eef3-4917-bf15-cb4d8d4a522f,lmao,1746150819743000,6833,thelittlemooser,81118507
e4b7f468-5ddf-4cb1-9016-0d5ad890e973,suffering from success,1746150840836000,6854,literallydark,55674132
1c8487fb-d804-43c2-b603-493f5cd22348,what if you full pivot on 8 to street demons Shruge,1746150861722000,6875,victortg95,75323141
ebdef5e7-6a19-4387-beef-e9685184fa94,probably 3 people are doing that,1746150878779000,6892,quitowsky,195684982
c9a94fb3-b4c7-4958-95ee-413361acb9fd,um,1746150879606000,6892,quitowsky,195684982
591203ae-c006-4577-9d1f-82792a7bf998,Check out Becca's TikTok >>> https://www.tiktok.com/@beccatilts,1746150917796000,6931,nightbot,19264788
968a57e1-4c61-4bac-9de0-9370a26e20de,AYAYA,1746150955310000,6968,theefranchise,29200329
d1956072-b195-4968-a5b7-0b7dab311833,lol,1746150957133000,6970,quitowsky,195684982
ab408e11-9451-484b-9376-2053898d16ed,AYAYA,1746150958584000,6971,yuukihatsu,51320169
b55231a0-a6b3-449e-9948-c9f709b2e96a,becca do you think 100 men can beat a gorilla?,1746150967931000,6981,psychoticabood,91121787
02dbc9db-df39-400f-9268-26aee363b0a0,I was about to say that,1746150973490000,6986,victortg95,75323141
c9221df7-5274-4fce-814b-17b4669c6089,not this again,1746150976093000,6989,quitowsky,195684982
4eb88fbd-a47b-470b-a899-a2b4410e5132,pepeW can we stop the human vs anima convo on the internet we lose,1746151000026000,7013,quitowsky,195684982
17ba47c7-978f-40e3-89fc-212a4660559b,Winnable,1746151004398000,7017,pablo_baass,891924467
73fe0609-ad2b-4c41-b72b-57651fc94dca,can a million lions beat every pokemon,1746151025581000,7038,victortg95,75323141
05f90dde-7f5d-4335-af95-33e55d11397c,pokemon have powers now shut up,1746151039017000,7052,quitowsky,195684982
703a0b84-6567-4e12-b91c-42eba6543afb,ICANT,1746151045791000,7059,victortg95,75323141
461780ee-aeb7-490b-8fe9-6fc84bd31a4c,can a billion lions beat the sun,1746151046949000,7060,xxknowledgerxx,268287457
65e71201-626a-4f1e-96c3-b23bccbe589c,hmjj,1746151052315000,7065,twicer,99173765
fa339dad-8bd0-4323-85ff-d18a7b24c432,no,1746151052374000,7065,quitowsky,195684982
424d92dd-662a-4c7b-882b-aa0757c9928d,becHm what other scenario could annoy the hell outta marco,1746151083482000,7096,xxknowledgerxx,268287457
8516eed4-1230-470b-8d89-e3fa4e722b8b,Panic,1746151087792000,7101,theefranchise,29200329
d084903b-b860-44ac-bedd-81cb24e1ed09,could becca beat an 8 pound dumbbell?,1746151100899000,7114,xxknowledgerxx,268287457
eef7fd5c-1a64-43b7-8204-553bb2012e42,"That doesn't change the fact if Australia invades Philippines it will be 47 million kangaroos against 5 mil people so every person has go fight 9,5 kangaroo",1746151106984000,7120,pablo_baass,891924467
f4ab1e42-2c2e-45be-a43f-ab27e268d7e6,yes becFlex,1746151109865000,7123,quitowsky,195684982
2d35f2c9-9f9a-4009-a0fe-7b13136815de,"I think you just make redemption, no?",1746151132783000,7146,victortg95,75323141
8cb8a63f-dd0d-4e34-9475-1f0c17de309b,and go for an IE,1746151156030000,7169,victortg95,75323141
a3e7184c-8c90-4372-b0ef-784b0e307658,vow,1746151173963000,7187,theefranchise,29200329
0d7d9be0-c21f-4cec-ac76-8855c077017d,lol,1746151181340000,7194,quitowsky,195684982
d19d0ada-09af-4284-82af-e245f65e1ad4,shejuani,1746151181674000,7194,theefranchise,29200329
37bdcb1f-fb55-4cff-a3e3-1329a6447451,monkaW,1746151185461000,7198,ekstasylol,112233300
f379e541-4bd0-40e8-ad34-fd3df13d0994,are you ok,1746151187346000,7200,quitowsky,195684982
8d581437-da12-451d-8b3e-f97c2b6d0e73,Quitowsky im scared,1746151202251000,7215,rawritsrobert,87193612
85fcf10d-5b22-49f7-8b6b-770899e93d20,Pray manifesting not 6th Pray,1746151202964000,7216,literallydark,55674132
2cdd6d3a-276f-4366-bcdd-4b4a1bd2d466,becca is broken,1746151258478000,7271,theefranchise,29200329
37cd420e-7f99-4a23-9733-22f4e83e844d,dynamo bot right,1746151292114000,7305,thelittlemooser,81118507
3035b064-6aa4-43bc-9f47-a565e81aec6f,OMEGALUL,1746151294076000,7307,victortg95,75323141
d8b0fb77-4dd8-4530-a866-692591d61d90,LMFAO,1746151295028000,7308,theefranchise,29200329
7977c765-097b-4630-b236-a03ac08c281d,lmaooii,1746151297914000,7311,thelittlemooser,81118507
303005a5-bccf-4941-99e6-7ad8e71a4c5d,classic one extra,1746151298079000,7311,victortg95,75323141
c317f506-0aa5-4c60-ae59-1a5d0cea2ca4,stage 7 dino Prayge,1746151309178000,7322,victortg95,75323141
d5b0a067-8e5f-4d17-8d81-1afc137ab706,Join our discord server for offline chats with the community!  https://discord.gg/mdEPnNMHrb,1746151317807000,7331,nightbot,19264788
180de140-7291-4f9c-b533-684d87d45273,Charlanderz subscribed at Tier 1. They've subscribed for 21 months! ,1746151361175000,7374,charlanderz,68215879
f4cf3280-9d2d-4420-99fc-8063a4a4054a,100% crit with this augment so does a lot rn,1746151422479000,7435,theefranchise,29200329
23ddcd8c-61f9-4d47-b2ab-03d08ee58d00,I like that Fury Aug,1746151444501000,7457,krazykiddynamic,42530245
8c90bb0d-4098-4b5b-a21c-a9b5072e47f4,looking like a 4-5 lvl 8,1746151490302000,7503,victortg95,75323141
03582cb0-49cc-48bc-9101-45fbe04b1e67,i think reforging a sword wouldve been good there,1746151545692000,7558,theefranchise,29200329
0a7364eb-5e50-41aa-8242-b8b073a45994,IE has a lot more value atm,1746151550856000,7564,theefranchise,29200329
d8fb9b48-6028-490d-8cb2-ebfe289ae241,Thinkge,1746151578014000,7591,krazykiddynamic,42530245
707eca4e-8472-4ae0-b6a8-c5323f083ef1,I thought it was a gunblade and gor for IE,1746151579257000,7592,victortg95,75323141
23146a8c-f544-4893-91f5-742d2bb3fd89,this song FeelsStrongMan,1746151592321000,7605,vyciunas,541481835
9960aae0-7801-46c8-bb1d-5b3179886388,max cap was a free top 4,1746151596009000,7609,thelittlemooser,81118507
ebf883bc-c9f1-4874-a19e-ec7899feb197,but this higher win chance for sure,1746151606442000,7619,thelittlemooser,81118507
6b591e0e-eb67-4217-b4de-cf0fcd191f60,nvm it’s doomed,1746151636373000,7649,thelittlemooser,81118507
ad5acaa4-3b96-427d-8b92-297718f18579,i love this song,1746151636953000,7650,banhmiheoquay,86682582
06b4f35f-2e1a-43f1-878c-1df32bbf1cde,quick moves,1746151673782000,7687,victortg95,75323141
2d37ce66-cdef-4450-81a6-491ad8ea536e,his didnt ult,1746151685359000,7698,theefranchise,29200329
5c912bb6-b32a-44ce-b848-3993a63828dd,went all in on first yday and came back to zero boints,1746151723659000,7736,dustflap,57226983
8acc34ca-48b7-406d-bc9b-8dc46dd51ff6,oopsie,1746151737888000,7751,theefranchise,29200329
64fc98a2-901d-434b-bea4-f73726365165,everyone has beefy frontlines,1746151744801000,7758,rawritsrobert,87193612
8517fa9b-e742-4ec3-b4c8-f47d7dc2f922,"@banhmiheoquay I first heard this song from the movie, ""arrival"".",1746151768179000,7781,vyciunas,541481835
f2e8bbbb-1148-4357-bc11-b7b7e4660a21,probably drop a nitro,1746151819677000,7832,victortg95,75323141
493901f4-d044-49de-9d9e-1182bf95eea2,street demon starter pack,1746151840480000,7853,werty0u,12444017
b8ede2e2-f5e5-44d4-9460-9f8318d317af,"@Vyciunas yes, this song is from ""arrival"". i remember look up the song after watching the movie cuz it felt so amazing.",1746151873593000,7886,banhmiheoquay,86682582
bafb50ce-0852-4ec0-aeea-289bc881c511,Pray for a fon carousel for that guy,1746151978951000,7992,theefranchise,29200329
ebddb50b-9b07-4d18-9a42-0dccdd237582,is protectors vow that good?,1746152002758000,8016,mishroom222,130269526
42d4280d-5f7b-4de6-b9a0-4cab26ae9aa2,carson,1746152021785000,8035,theefranchise,29200329
a8f9d283-634b-4cda-8f19-8e0512d6383c,@Mishroom222 for sej in particular,1746152038788000,8052,victortg95,75323141
679853a4-a9f9-48c7-8d5f-5139bf06279a,fun build,1746152073901000,8087,mishroom222,130269526
470d1f5f-c315-4987-8f57-6c1b848e9552,it like insta casts at start,1746152079405000,8092,mishroom222,130269526
717d5850-3205-4242-8a6a-12c0cfffee97,maybe split elise items to your other 2,1746152157189000,8170,victortg95,75323141
3042b067-c195-4318-9c7f-b4d3fc4fa053,Oh,1746152162396000,8175,victortg95,75323141
ce5cc311-f75c-40b6-849b-e1dd5f450bd7,I'll miss hall of mirror sej ;P,1746152171951000,8185,qelvue,29197038
628e9bf6-4337-43bd-a541-90a4c3ecf013,it would throw it at the closest unit,1746152191192000,8204,theefranchise,29200329
03db51b0-2662-4ef1-abf5-8d391fbdb74c,damn,1746152205209000,8218,ashayuni18,41688273
5a882cb0-cb8e-4116-a9e4-aa75b62cb88b,i lost boints,1746152207466000,8220,ashayuni18,41688273
7c8007fd-0495-4a57-a638-e5566e1728bb,oh maybe since leona was 4 hex in,1746152219959000,8233,theefranchise,29200329
ef8b8121-34b5-44f7-9f43-bb2f214ec5fa,pommel,1746152228925000,8242,bolgab,490055956
dbd3bfb4-0d96-4086-9a3a-d6d721831d74,motel,1746152241072000,8254,theefranchise,29200329
f8a4db2a-f146-4796-be9b-1fd3e39fc1c8,emote,1746152242519000,8255,foreverjulia,149873651
73309c4a-08ca-4bf4-bc34-bb65ded42ec9,totem,1746152243293000,8256,bolgab,490055956
37ea1f04-b770-40d8-bc2b-1683982c6c8a,pompom,1746152248283000,8261,ge_ode,104276625
94ec11e2-f2cc-497b-bb6b-3757a33839d9,compel,1746152249244000,8262,xxknowledgerxx,268287457
7dbfc803-23a2-47e9-a4b1-9df81d41cd20,moot,1746152258672000,8271,charismacompany,545328604
c98ad78b-fdab-4499-af98-3477a7c7bbf3,poet,1746152263025000,8276,hazaryy,126895362
0070976d-a993-4970-88d9-1c47a3463400,molt,1746152263319000,8276,charismacompany,545328604
8e90b9a6-77c2-453a-ae04-cf4142973c67,loom,1746152285832000,8299,charismacompany,545328604
b6f6e809-de94-4d86-bd51-ccf0a8bb5d65,coom peepoGiggles,1746152291461000,8304,xxknowledgerxx,268287457
bd38c66f-5004-4348-9a8f-6a96103be2fc,mope,1746152291925000,8305,theefranchise,29200329
5f25474e-3195-4a66-8647-72fcfd430032,comet,1746152294008000,8307,banhmiheoquay,86682582
76209176-e1ed-48b8-a1b0-d3f73c7d982e,tempo,1746152294054000,8307,foreverjulia,149873651
c45f2363-4d80-4c13-b794-ed419753e1e7,comet,1746152294155000,8307,charismacompany,545328604
9c68a11a-9803-4a0f-a889-4e06a0ed590a,compote 󠀀,1746152302756000,8316,josechensor,1115828586
0e98e3f2-d3bd-4255-a167-50f0a56b183d,pommel,1746152311195000,8324,charismacompany,545328604
a4142f69-55f8-4892-9b35-94db8c5aebb4,cope,1746152312928000,8326,mishroom222,130269526
f5dc39f5-9e1a-470b-b179-f2b01263491e,lot,1746152327758000,8341,offcerium,49597755
4fa063b3-004a-4a84-a038-49221f86fc4b,temple,1746152328892000,8342,ge_ode,104276625
b0ec8f2a-a413-4021-bee1-02318ed55603,compote,1746152329453000,8342,jared_casts,114939609
c599f338-aae6-4bfa-8061-f841027c28e2,Temp,1746152333728000,8347,gourmandpierre,1258792880
491f98d5-b0dd-410c-92b4-2aea3d76e61b,Tome,1746152337580000,8350,e_l_e_m_e_n_o_p_y,110255680
238b2cd5-9635-48e4-9948-a37f9f6e1e86,totem,1746152348371000,8361,bolgab,490055956
4e2eb221-a80f-417f-82ba-f3848d48f8a2,complement,1746152348697000,8361,flarebear00,88392738
8f707531-8abe-4924-a356-2b7ac433d27b,totem,1746152351687000,8364,ashayuni18,41688273
bb814126-ef78-4530-9514-ef57130e450d,KEKW,1746152357400000,8370,theefranchise,29200329
ad6b3116-0992-47b8-8086-6a7cae2e3bc1,oh duh sorry,1746152359464000,8372,flarebear00,88392738
b4fc7ace-8b4d-4384-814f-fde2263935d3,mote,1746152364521000,8377,theefranchise,29200329
a019d1cf-986f-45ac-9788-fcae7dd067c7,pommel,1746152376199000,8389,charismacompany,545328604
8fdcd01d-3e02-4b1e-8ce8-5944fac64b1a,pommel,1746152383894000,8397,bolgab,490055956
48eca4c8-aa75-4b15-b182-28eb2669e2c6,clomp,1746152387133000,8400,theefranchise,29200329
b3cab1cb-3d77-49d9-a6c5-f89be2ff2be8,meep,1746152388206000,8401,xxknowledgerxx,268287457
e878d45d-95c8-4dfe-9135-a6419f589142,topple,1746152393063000,8406,flarebear00,88392738
bf3747b8-1333-4536-af17-1a5638b65d20,clemp,1746152395005000,8408,xxknowledgerxx,268287457
c383514e-14bb-47c7-8963-005e03399d63,didnt write my other word,1746152395084000,8408,ge_ode,104276625
e72983ae-c521-4a9d-aef8-ff4d23f0daae,telecom,1746152396282000,8409,cuzwereonlyhuman,599005869
ad458fcf-b7d1-42b6-bd63-fd5650846c48,pompom,1746152397192000,8410,ge_ode,104276625
789dafe2-1777-4dd5-a7a2-99aabbba62bb,melee,1746152397676000,8410,foreverjulia,149873651
81fc4d3e-9b8e-4499-a0b3-2d18dfc7f3a3,ugh no m omg nevermind,1746152398248000,8411,flarebear00,88392738
46c577f4-0d0a-4cc5-a852-66c0e6139bd9,pope,1746152404873000,8418,mkaka28,247000690
bf6c3022-4c3a-4ffa-b8ba-488bafe91609,clomp 󠀀,1746152418205000,8431,theefranchise,29200329
82281579-75f4-4328-a8c1-decf84956cfa,elope,1746152436280000,8449,cuzwereonlyhuman,599005869
23262303-fa4c-4f98-88a6-5d3f8f09c9e1,locomote vibee,1746152439549000,8452,foreverjulia,149873651
edd1f4b3-52a6-4e8f-b31f-996f1f015fe4,mettle,1746152444375000,8457,ge_ode,104276625
f150bebb-42ef-4998-ad99-2376e10006fd,both ways eh,1746152489826000,8503,n3ther,14619582
0a35f5f8-9ac9-434e-8251-4c49bb874b1e,lol i just got a full 10/30 split,1746152513663000,8526,meanmisterkien,168573962
d17e9b8b-4fba-44b1-b096-d8585dcb61f0,what's this game gonna be ?,1746152517948000,8531,orcakite,102450576
024f9592-c205-4a2e-bbfb-f3cb727021d8,always split,1746152519454000,8532,meanmisterkien,168573962
7d85aacb-c263-4f3e-ad80-f0d462fef108,"noice classical vibes, music is always great over here <3",1746152519594000,8532,garrylescargeau,465471099
6b2e38ee-55a1-477a-b70b-dc943018accf,LOL,1746152532224000,8545,theefranchise,29200329
75b5c4bc-74c3-4980-ab9d-bde1fbe8d9ec,no bow damn,1746152541682000,8554,mishroom222,130269526
967f681c-daac-4810-bd9f-8293f76e7a06,@GarryLescargeau then Becca speaks and ruins it :( jk jk,1746152542800000,8556,n3ther,14619582
35e33873-d507-483b-ba2d-c0e9864aed55,dcap would be a nb third if u didnt have gamblers blade,1746152562406000,8575,mishroom222,130269526
9f00e2fd-bdbc-48ba-9c9f-e84fecfa4460,might be better to cap darius,1746152602206000,8615,theefranchise,29200329
e200cac7-b9cb-4a2e-8399-8ec758f262ac,kingpin bot right,1746152603606000,8616,thelittlemooser,81118507
38423420-d682-4123-b63b-72df5146561e,what moments that i lost? i dont remember a single one,1746152634603000,8647,meanmisterkien,168573962
3f40adfd-6d6c-4d74-a70e-9a7809ba9c68,is dcap better than archangels on tf?,1746152664044000,8677,cuzwereonlyhuman,599005869
ecf9e951-e77d-4b3d-8079-86f23b009ccb,probably not,1746152672522000,8685,theefranchise,29200329
a7835e16-dc39-4098-aa90-81f813a61182, Becca's best moments >>> https://www.youtube.com/@BeccaTilts/shorts,1746152712217000,8725,nightbot,19264788
70121e47-eb16-470b-a7f7-c6dd02a5a83c,nah this is bis,1746152744626000,8757,literallydark,55674132
7b025f38-3ebb-41b8-b79c-02c93fbad2b8,just pull spelling bee back up,1746152770586000,8783,theefranchise,29200329
9f5d2342-9cb6-47aa-9585-a86ccb3863c3,KEKW,1746152798679000,8811,theefranchise,29200329
cee188a1-8b5f-4bdc-a78c-e6e0d71839d3,clomp,1746152819788000,8833,theefranchise,29200329
094a00b0-7689-4fd6-8405-d9bb9e6802ba,mettle,1746152830080000,8843,ge_ode,104276625
dd8974c2-c91a-417a-a39f-deb5d03d100b,ptolemoc?,1746152844482000,8857,nvmitsjustbasil,50975671
45f27db4-1b80-4673-956f-6fdc749b0cbe,locomote,1746152845802000,8859,mkaka28,247000690
1bad8abd-ce20-4807-b26a-1dfd5a23c3a7,type mine angy,1746152847709000,8861,theefranchise,29200329
84c5b560-453f-43c6-88df-fe6335143df0,all these defensive components,1746152914263000,8927,theefranchise,29200329
8898273a-de38-40d8-9063-2865b9da0114,MONKA,1746152915710000,8929,theefranchise,29200329
bac44489-01fd-4463-abcc-5517f6a85bf2,Join our discord server for offline chats with the community!  https://discord.gg/mdEPnNMHrb,1746153012723000,9026,nightbot,19264788
116add8e-fcc2-492b-9efa-a096ac837bd9,great braum kingpin items,1746153014725000,9028,theefranchise,29200329
1f4d6046-cbbf-4ddb-ab3a-ee79c49d941d,well you also gain armor/mr,1746153046189000,9059,theefranchise,29200329
3344704b-320f-40e6-a95e-f3decb21d4d1,thats more of what i was referring to,1746153052371000,9065,theefranchise,29200329
3c4c180b-ac6b-41ac-8b10-c8e93c6f6110,o7,1746153077607000,9090,theefranchise,29200329
36134ea3-f04f-4226-8627-0f60e77f2933,im sorry i have to look away,1746153087466000,9100,ashayuni18,41688273
387e205c-9cca-427c-924e-6b5717555f4f,2 zeris lvl 6 3-3 lmao,1746153095403000,9108,hammmyow,126166241
263d810b-8961-43f9-9f05-ac8d72fed787,zeri 2 before tf2 would have been funny,1746153112726000,9126,cuzwereonlyhuman,599005869
a269f88b-a014-4cd6-8dfc-646141c2f861,uhmmmm wtf,1746153137543000,9150,latatumm,122682852
4b0c2280-c024-424f-b02a-b64933f55a99,it always scares me,1746153137709000,9151,literallydark,55674132
57720178-4d16-4f2c-bc89-43bcb7bed1f3,this carousel is low key stressful,1746153143750000,9157,meanmisterkien,168573962
7968cc1d-c099-4897-a65e-7090b6107d03,too many options,1746153145406000,9158,meanmisterkien,168573962
9ad6f434-c756-4090-85bb-86d93eedd56f,the visual clutter of this is so bad,1746153147054000,9160,theefranchise,29200329
9a9d81c5-ab74-43e7-bcd5-630cc2fdf512,jerry on carosel :),1746153147674000,9160,werty0u,12444017
d2065398-22bf-431b-bc2e-cec8506d32d2,6 braum,1746153163009000,9176,theefranchise,29200329
c0bbfe7e-740d-458a-8a08-34d5bef92525,2 tf,1746153164112000,9177,theefranchise,29200329
af3a7177-b38f-4dc6-b2c9-a6b7229f9f32,not bad,1746153165222000,9178,theefranchise,29200329
fae57208-cccb-4fec-af82-a827bff72e48,streamer luck smh,1746153190922000,9204,twooothless,143937931
5ae61825-395b-4ef9-85a7-98f5c86ca980,need mort back,1746153225753000,9239,theefranchise,29200329
9f796ec4-8b65-4035-9fe8-aa75b72c150f,bring mort back,1746153237575000,9250,thelittlemooser,81118507
5a19ba1e-49b9-49eb-9693-cccbc07d543b,Shruge,1746153252043000,9265,theefranchise,29200329
3d20cea9-6129-4648-af91-9cc813a58468,lol,1746153252669000,9265,quitowsky,195684982
0b0d6439-7136-4533-bbc2-c3e2a301faa2,LOL,1746153263761000,9277,theefranchise,29200329
697eeaf3-01c2-4c47-a84a-81e465d60e87,!song,1746153265976000,9279,banhmiheoquay,86682582
dbd5fbae-e575-45c6-8f7f-9345a6db963f,"▶️ Florian Christl, Clara Büsel, Leandro Hauxwell, Alona Khlevna, Gereon Theis, Vladislav Cojocaru - ""Bulgaria"" -> open.spotify.com/track/782rqTD0wtue0vqytqoQxk",1746153266905000,9280,nightbot,19264788
e09b3321-c69f-4df4-9d90-28c58498b017,becca read this and u get a prime,1746153269096000,9282,kyleeeeeee_,154166744
c2c7959c-ad09-4ebf-a1d6-3e976909fdf3,"bro i had to, the music",1746153270428000,9283,theefranchise,29200329
6f3c1d3e-2663-460b-905d-e25bd2937f4d,becca read this and u get a prime,1746153283273000,9296,thelittlemooser,81118507
63e3231f-d30b-436f-897d-712f9ca4cbfe,"2 mins a go ""music is so chill i like it",1746153294989000,9308,quitowsky,195684982
31feaa01-e30d-4440-85a2-9198a0c28cf2,scammed,1746153304967000,9318,thelittlemooser,81118507
eef15027-5f17-4b7b-a025-b6537626c4ab,becca read this and u get a :),1746153310897000,9324,xorious,23093095
99c559a9-d3c0-476e-b8c0-5658bb1241bd,kyleeeeeee_ subscribed with Prime. They've subscribed for 4 months! Lakers in 5,1746153320497000,9333,kyleeeeeee_,154166744
de9df539-58b4-47d0-9b67-434c4da0fa43,becca read this,1746153325445000,9338,texaspb2,42659088
82639a62-18a3-4c31-834b-df41cec5eb6d,peepoAwesome,1746153325932000,9339,theefranchise,29200329
9afa0d9b-fff4-462b-8703-eb395101fbaf,COPIUM,1746153398890000,9412,theefranchise,29200329
5a1f6d3a-8f58-4b82-ba32-470efd011da4,actually HOPIUM,1746153403216000,9416,theefranchise,29200329
5166fcfe-08c6-4584-8533-f1eb6f516127,feel?,1746153410605000,9423,n3ther,14619582
49ccf797-c472-4b67-be1f-129f0892c0c8,that is definitely how it works,1746153417558000,9430,cuzwereonlyhuman,599005869
f9e00c10-988c-4ea8-ab0d-012b09ed2feb,Pray wave,1746153485962000,9499,literallydark,55674132
9a6da7be-3283-48d6-a722-fa8b4dca3e08,you should know you cant force waves,1746153486322000,9499,theefranchise,29200329
1f80eb74-bc28-4b8a-8f34-98254cc3612f,sus,1746153487496000,9500,theefranchise,29200329
7f9e28d1-7cb8-4b8c-80f9-ca12fbc1e78c,draven,1746153561402000,9574,theefranchise,29200329
ae657b97-0db8-4470-9af3-8d061b583de5,Knightroj subscribed at Tier 1. They've subscribed for 18 months! ,1746153567333000,9580,knightroj,54133765
a2dfcd8b-4fe3-4ce3-af9d-4c47f3110f8c,draven3,1746153568672000,9581,meanmisterkien,168573962
15d9b3d6-b9c5-4222-98af-b4c42b0c2d69,first,1746153570017000,9583,meanmisterkien,168573962
fc96e993-2ae4-4ea7-8d63-411912565449,you hit none go 8th,1746153570307000,9583,thelittlemooser,81118507
7af51b2b-2a09-4392-b1e9-4ebfeb8bab0f,tf,1746153583712000,9597,knightroj,54133765
e9f3f6f3-fd03-489f-94c5-cdaeafa632b1,draven,1746153587419000,9600,thelittlemooser,81118507
440a28a3-28f4-4896-9a27-a00f23d40816,she said it,1746153589508000,9602,thelittlemooser,81118507
36ea669c-a195-45e8-a544-c2c7a0e88fca,me :},1746153597472000,9610,literallydark,55674132
364bc20d-abf6-4507-83ee-6bc74e6e1a44,it was draven,1746153609222000,9622,theefranchise,29200329
c2d94ce0-e55a-446a-be65-bcb1024f988c,its both,1746153609682000,9622,knightroj,54133765
b65a09b3-426e-41da-9598-f351980189de,OH,1746153610132000,9623,a_dumb_twink,41496130
bc87d2fc-025b-48cc-a805-52d5216cddcb,cheated,1746153612069000,9625,thelittlemooser,81118507
3df18cc0-1df3-48f6-a3c8-15a08a37ada6,both KEK,1746153612727000,9626,godwig,53668316
2d81a4e6-87f1-4369-9076-9160e5cb0ac8,ASCTHUALLY SHE BOUGHT DARIUS FIRST SO IT WAS DARIUS,1746153629537000,9642,smaatwataa,32107251
9c7e5425-b07d-478f-a5c0-c70aaf3e5624,KEKW,1746153634060000,9647,smaatwataa,32107251
c3e20a29-7ba1-43a8-b3f6-374600ee342a,what do you win for guessing this correctly?,1746153638532000,9651,actuallyapotato013,44365564
3934ad63-b16f-4a22-b484-b46a936cfcca,notee yep,1746153649502000,9662,literallydark,55674132
c7cd07c3-e5f5-4d20-a8ce-b99837eba38b,giveth and taketh away,1746153656503000,9669,foreverjulia,149873651
772fcc3f-f64d-46b4-8eaf-cb6fb6443e6b,"you are 1 off, just chilling",1746153670393000,9683,theefranchise,29200329
7e4982f4-0a96-4cf4-bef4-0d6cb675445f,what do you think of nashor's in tf?,1746153681040000,9694,texaspb2,42659088
52d67f37-1eec-4e4c-86c2-8ec1f3cd07b6,hit me baby one more time!,1746153688492000,9701,godwig,53668316
595b3faf-7d9f-48c2-bd1e-1de4c9a2b912,HUH,1746153698652000,9711,sparic,46044116
21dce722-de76-492e-8d29-a1e547cad8e7,AAAA you poked my eye,1746153703244000,9716,literallydark,55674132
00930a4d-b6cc-45aa-ace8-7d52bc436831,lolol,1746153703274000,9716,foreverjulia,149873651
e938f4e2-6d50-4a1d-b155-eb80463ed41d,so thats what hes doing now,1746153706153000,9719,theefranchise,29200329
3745f601-541f-4f65-8e35-5c28defb6db0,"selling his ""holy"" water",1746153710254000,9723,theefranchise,29200329
9a5a1eda-4846-4f90-836c-b19d2cc382f9,mortdog bath water...id buy it,1746153728397000,9741,actuallyapotato013,44365564
d872a529-a83c-4810-867a-bfe4a2bdd175,you only got blue card that whole time,1746153730465000,9743,knightroj,54133765
ba4f52b1-f8a4-4e30-b536-7d8d0ff1d039, Follow On Socials! https://twitter.com/beccatilts - Twitter 🐦 https://instagram.com/beccatilts - Instagram 📷 https://youtube.com/beccatilts - YouTube 📺  https://www.tiktok.com/@beccatilts - TikTok 🎵,1746153734597000,9747,nightbot,19264788
939d7016-1ea9-47f5-96d7-0cca9152b334,Gamer dad bath water,1746153738176000,9751,opinii,27359467
af0e38c5-87b0-4a43-8520-3f8ad482851d,hahahaha,1746153741541000,9754,qelvue,29197038
a8287996-c3df-4344-869b-b5b03796e4e1,Is it worth it to make stone plate on braum > Sun fire or nah? cause of belt overflow calue,1746153754379000,9767,smaatwataa,32107251
bece7fe7-72b1-4bee-a15f-c96186139145,value,1746153756569000,9769,smaatwataa,32107251
8549b758-0ca7-4748-9970-c7ee243a9b01,its the doll hack,1746153837360000,9850,bertguy,90840924
1df38d0e-1423-434f-a868-10fb809f580b,oh nesting doll obr,1746153848590000,9861,theefranchise,29200329
9b1c300c-c00b-44f1-ae74-469eadf6d7ed,silver --> blue --> gold,1746153852187000,9865,bertguy,90840924
460326f1-9730-467a-b888-b9c931c28441,orb,1746153852374000,9865,theefranchise,29200329
b29063da-7654-4e1e-8ba5-d8c3c9d92c5a,sliver blue then gold orb,1746153856312000,9869,josechensor,1115828586
f6042008-540d-4b4b-a845-f9535ee9c176,do you not itemize the miss fortune?,1746153873847000,9887,texaspb2,42659088
795c34b6-1528-491b-aede-fe3f3139b089,Triple reforge gamblers angle?,1746153874698000,9887,fattyfool,429325249
1bc76e00-389a-456c-a445-8701a003e44b,Very nice music,1746153939614000,9952,gourmandpierre,1258792880
b07e2fc8-bbda-49c7-97d0-4c9b2e40f583,lol,1746153964539000,9977,quitowsky,195684982
e5872b68-e092-4625-b040-ba1f2aa37861,Looking,1746153966798000,9980,theefranchise,29200329
419188e4-b0dd-48e6-9ef7-a7deda39b2ee,Looking,1746153972714000,9986,literallydark,55674132
80986f68-1cda-4698-bd74-ae0415425af1,have you seen gragas shaking it tho,1746154023169000,10036,quitowsky,195684982
2f321e76-dd3c-4682-8a02-694c2050f2ca,his dance is kinda funny,1746154038049000,10051,quitowsky,195684982
78120431-4768-407f-8c70-13a71a5b0be4,becca having no idea who has a shield,1746154040303000,10053,theefranchise,29200329
4a46450e-935d-412d-855b-5553f752a3a4,gold augment on bench,1746154050736000,10064,thelittlemooser,81118507
b1d16c54-b8a6-434c-8ef6-2e81eac498ab,@becca,1746154055812000,10069,thelittlemooser,81118507
11602a7a-18f4-4586-8ba0-2110482212ee,show braum damage becDonk,1746154111571000,10124,theefranchise,29200329
d886fb69-4370-4445-a61f-87193b1011f9,HOLY,1746154119663000,10132,theefranchise,29200329
0aa7c623-84f8-49ce-97c3-44b89a4a52cc,rip kog,1746154129198000,10142,thelittlemooser,81118507
e8171f31-31a4-4c32-8c7f-5cb0fe040492,oh I like your Owala!,1746154130021000,10143,live_in_calgary,59184898
dd9d41ab-b1b8-421e-a259-09e47b52c90d,yeah,1746154139730000,10153,theefranchise,29200329
b7ce3c59-12e5-476f-81f9-cf9cca7c45e9,likely stroy,1746154141928000,10155,theefranchise,29200329
29a79570-deb2-4aea-b15e-1faf92833af7,story*,1746154144491000,10157,theefranchise,29200329
2f02a337-8650-4321-9488-f70fcefa78f2,but wehat if next shop has 5 zacs,1746154156551000,10169,actuallyapotato013,44365564
522104d2-8dc5-483d-9b8b-75e2622a42ae, Becca's best moments >>> https://www.youtube.com/@BeccaTilts/shorts,1746154210457000,10223,nightbot,19264788
f6e18063-125c-4405-9022-541776a8db56,OMEGALUL,1746154232148000,10245,theefranchise,29200329
208ffc85-cec6-4e2e-afd1-9bc1dc8aabb6,LOL,1746154235929000,10249,djihcoro,26376425
e795a11a-71f6-429d-8adc-6864e2c8d58d,ok,1746154237246000,10250,josechensor,1115828586
300b9aae-f624-4278-8034-4a3c780da415,wow you couldve had 5 zacs,1746154242786000,10256,actuallyapotato013,44365564
32fcd03f-a348-48b3-9e4c-914abcd78e20,im p sure zac > darius if 20+ blobs,1746154260314000,10273,thejerryfish096,1061276116
a2cf0f9d-5e99-4329-b8b7-4e1632786d6b,wait does zac keep blobs after he gets summoned now?,1746154282868000,10296,thejerryfish096,1061276116
154acbbd-8a62-493f-ad3c-ce50b6fbc758,he keeps some hp,1746154288936000,10302,theefranchise,29200329
c62150ce-adbf-404f-823f-05e69b4288bc,"always has, for no reason",1746154304628000,10317,theefranchise,29200329
5c933193-db7c-4082-923b-cf8a2d7294e0,weren't you 250+ LP yesterday?,1746154313582000,10326,colorfulted,72666189
16564712-3321-404d-9320-3a75e1a2c034,@theheroisgone,1746154314837000,10328,thelittlemooser,81118507
e8dc8f76-d979-4b54-81ab-d6421022c1a1,!song,1746154320618000,10333,mkaka28,247000690
2859d80f-270f-4ce8-96e9-702d1f8f3a03,"▶️ Plínio Fernandes - ""Comptine d'un autre été : L'Après-midi (Arr. for Guitar by Sérgio Assad) - From ""Amélie"""" -> open.spotify.com/track/11mMxszI9b0Q7THI49jbkE",1746154321530000,10334,nightbot,19264788
3e20cb5f-1f97-41de-b03b-a1ad15239d37,oopsie,1746154336631000,10349,littlepogs,104124522
7bdc77ab-d100-479c-af8f-5f12e7126469,@ColorfulTed tracker is experiencing technical diffculties,1746154342019000,10355,live_in_calgary,59184898
d8299e6d-5467-43f0-b94e-1246a0deaee0,catWait,1746154361658000,10374,colorfulted,72666189
c70569ee-3984-4629-9b07-40d5f57be0d9,what,1746154378082000,10391,theheroisgone,49032691
1fad2eca-7114-4276-95f9-506ce5e3203a,@thelittlemooser,1746154399785000,10413,theheroisgone,49032691
838136e7-7768-4384-95cf-e448689e1700,not you,1746154401326000,10414,theefranchise,29200329
984be721-9975-474a-8820-5aa9379bb8dc,Gigglebear77 subscribed at Tier 1. They've subscribed for 4 months! CatPiano,1746154402227000,10415,gigglebear77,101977433
52def153-0efa-4972-88b8-31c7c68be380,what ? what ?,1746154411157000,10424,crym666,75797754
7a4cf4b9-b6f5-440b-b200-c0b2f2b7f80a,i played a tf game i hated every second of it and i went 5th,1746154423711000,10437,theheroisgone,49032691
d50a0d54-f7c1-454d-96a5-83b5c01c052c,KEK,1746154432254000,10445,theefranchise,29200329
b9b0c59e-71eb-4fde-9d39-6f033c2cd465,peepoClap,1746154447374000,10460,theefranchise,29200329
866582e0-017b-4c66-94c4-c7e8ea96ff85,EZ Clap,1746154451171000,10464,live_in_calgary,59184898
56623467-b024-4791-9cdf-42839f0c6996,Pog,1746154456156000,10469,quitowsky,195684982
11c87416-aa3a-41f7-9c6d-e6f75ee5e423,5 zac diff,1746154457428000,10470,literallydark,55674132
255d9f4e-0265-42bc-b5f0-8b3cc5f4bf90,classic,1746154457610000,10470,theefranchise,29200329
b0e39c40-f821-464f-9203-ff0cd6bef7d6,big believers rip,1746154467300000,10480,thelittlemooser,81118507
0cd52891-d9ea-4e00-a996-4e7bb1c6d0dd,"no worries, 300LP today",1746154471732000,10485,colorfulted,72666189
00ad6597-a837-4d04-a11d-c6669fa0130c,okay all in into bejj time nodd,1746154505617000,10518,xxknowledgerxx,268287457
39e3aa1d-d98c-4256-9b84-8916f9517e7a,Check out Becca's TikTok >>> https://www.tiktok.com/@beccatilts,1746154511013000,10524,nightbot,19264788
107c68b9-a54a-4cda-b382-e162b6a529c7,byee chat,1746154516953000,10530,xxknowledgerxx,268287457
b22bda29-1441-4b14-96c3-f6ccca4588f4,moose wtf did you want,1746154519474000,10532,theheroisgone,49032691
47ee32ee-7156-4432-9735-cc8bcc6f0642,tidied,1746154520358000,10533,theefranchise,29200329
8d6855f2-2058-4f1c-9f86-edbba1025ff4,fit,1746154521550000,10534,offcerium,49597755
2fc27363-3ff2-4c58-9b6e-8be23ffb5f29,fetid,1746154531904000,10545,frozenprinceix,64143123
36018bf7-cf73-49c7-9f7b-b6c30e56cf5f,yeet,1746154545736000,10559,lurconis6,47696017
5c0b29b9-9a13-4b57-9283-9845513b92e9,"feggetit, as in i dont need you to do that for me anymore just feggetit Sadge",1746154554649000,10567,rainbohwen,69144259
2646b8ac-231f-4d92-8303-1f374380d0b4,tegridy Kappa,1746154571184000,10584,josechensor,1115828586
7c81777f-ed4f-4b8f-a924-738fd52458bb,geed,1746154578128000,10591,theefranchise,29200329
3d1930bf-02d1-4982-9b0c-535054b9e8b1,dye,1746154582595000,10595,lurconis6,47696017
a00b3525-a19b-4a2a-8f70-4660c9701420,giftee,1746154590841000,10604,cuzwereonlyhuman,599005869
4b854748-77a2-4f18-b257-a2c6c371b3dd,edgy,1746154598243000,10611,rainbohwen,69144259
91d9ecf0-cba9-451a-9c5f-92a6f60f8f75,Tiddy Kappa,1746154622853000,10636,imtottson,994506648
0f7031d1-55fa-438c-aac6-45ee9a85b92e,chug bug Prayge,1746154625976000,10639,victortg95,75323141
7879e01f-626b-4b05-aa2c-554f6429fd35,Shirley,1746154638976000,10652,live_in_calgary,59184898
719af4dc-621a-4f2a-9d9d-4f3f028b52f3,yea,1746154639872000,10653,quitowsky,195684982
a1040331-b2ed-4fe3-ba1f-b06065325848,I saw zyra mundo cow reroll,1746154644745000,10658,latatumm,122682852
d2ae2a0d-739b-48ad-89a7-366cea4eef3e,I dont believe,1746154648756000,10662,victortg95,75323141
e4f8d402-f448-4a2d-9e18-a94ccf01973b,i saw a 6 bruiser 3 star mundo with warmog warmog death defiance that was legit unkillable,1746154657019000,10670,miasnah6116,42962654
1d1f7656-a2ee-4cc6-8c52-b81ae5e4e5d2,talisman?,1746154679411000,10692,live_in_calgary,59184898
c464db29-3e64-4836-9dd8-9b929e4322fd,cow mundo shaco is pretty strong according to one game I was in,1746154698054000,10711,cuzwereonlyhuman,599005869
6f4ee000-dcb2-435f-b7b7-54dc1a334269,but I have been wanting to play blighting jewel morg,1746154698085000,10711,victortg95,75323141
03dec45e-5854-40e0-be7b-3080512a0e15,WOACH,1746154714757000,10728,live_in_calgary,59184898
0e5ee97c-461d-440f-9b6c-777c60baf109,do it,1746154715387000,10728,littlepogs,104124522
f8a80b6d-0210-4b28-a13e-7eea8938ecab,boooombot,1746154722797000,10736,miasnah6116,42962654
594d5931-253f-49d8-a146-d2567938a172,lol,1746154726393000,10739,thelittlemooser,81118507
f270e1c6-81d4-41b4-8f92-3d699ea1d7a3,can you reforge those emblems?,1746154782802000,10796,rainbohwen,69144259
8c182cd3-7c60-4aff-9208-3e6ad1a6cbcc,@RainbOHwen no,1746154791742000,10805,live_in_calgary,59184898
a3e9a723-c302-498c-8578-9f0b41b3deba,:(,1746154795963000,10809,rainbohwen,69144259
36ad6ead-9edd-42a9-b575-887d43447edd,ts a boombot game right?,1746154850028000,10863,godwig,53668316
47731ef4-19f5-4c55-803c-274d94d50179,fast garen and be boombox markman xD,1746154851275000,10864,qelvue,29197038
90b9c8f1-166d-4168-b579-cd73e3c603f4,I get it Ok,1746154864153000,10877,victortg95,75323141
befbf56d-6df3-4a02-b367-ddb5dcb5f3a8,donowall kog,1746154873725000,10887,victortg95,75323141
25d261a0-8ee5-43e6-92e2-eaa60752b519,i just beat 10 street demon with 7 syndicate,1746154886691000,10899,quitowsky,195684982
ebc082fd-6ae7-4b19-8e23-50792eaabba6,KEK,1746154888008000,10901,quitowsky,195684982
4d039c4d-c3ad-49b0-a5e2-5bcea8a1af07,I like tank emblems so I can make tanky dummy,1746154911442000,10924,cuzwereonlyhuman,599005869
f8e8f79e-095b-45b0-b7e9-101cd4d9de82,Join our discord server for offline chats with the community!  https://discord.gg/mdEPnNMHrb,1746154917390000,10930,nightbot,19264788
8a724172-a4b1-47ac-bced-09b7306ce7ee,its me,1746154947344000,10960,rainbohwen,69144259
37cd46f1-78bf-478d-af83-6a018989485a,that doesnt sound possible quit,1746154948689000,10961,victortg95,75323141
8be8a7d0-7eee-47e7-94a4-74d160eab8ca,prawn star,1746154965998000,10979,goldfrap,64401277
ffbcea4f-e560-4207-b7e0-c328ee12e8a5,my google search told me shes from final fantasy,1746154999747000,11013,rainbohwen,69144259
e58a064d-643e-46b6-be1f-18733f728cac,"hi beca, y u always cute",1746155001897000,11015,eyesteek66,238169314
ae1d259a-b632-44f9-abd3-e8a16af18b60,LOL,1746155006470000,11019,quitowsky,195684982
a85c1a41-d26e-4f93-9b59-8d0c05bc9367,pausecham,1746155044955000,11058,djihcoro,26376425
a1f193ed-2929-4c0b-9dbc-3d3f67aacdc9,ICANT,1746155053096000,11066,victortg95,75323141
